Energy Consumption Daily Cumulative;Energy Consumption Average;Energy Consumption Daily Maximum;Energy Consumption Daily Minimum;Heating Daily Cumulative;Heating Average ;Heating Daily Maximum;Heating Daily Minimum;Cooling Daily Cumulative;Cooling Average ;Cooling Daily Maximum;Cooling Daily Minimum;Lighting Daily Cumulative;Lighting Average ;Lighting Daily Maximum;Lighting Daily Minimum;Plug Loads Daily Cumulative;Plug Loads Average ;Plug Loads Daily Maximum;Plug Loads Daily Minimum;Carbon Equivalent Emissions Daily Cumulative;Carbon Equivalent Emissions Average ;Carbon Equivalent Emissions Daily Maximum;Carbon Equivalent Emissions Daily Minimum
29.976751;1.249031;4.498782;0.35619;15.434748;0.643114;4.175044;0.032452;0;0;0;0;3.5948;0.149783;0.286311;0.015906;10.947203;0.456133;0.656832;0.291925;5.454095;0.227254;0.370148;0.101221
35.35626;1.473178;4.438527;0.460344;20.814258;0.867261;4.114789;0.048631;0;0;0;0;3.5948;0.149783;0.286311;0.015906;10.947203;0.456133;0.656832;0.291925;5.803321;0.241805;0.394758;0.117984
38.633471;1.609728;4.412609;0.460344;24.091468;1.003811;4.088871;0.064123;0;0;0;0;3.5948;0.149783;0.286311;0.015906;10.947203;0.456133;0.656832;0.291925;6.01607;0.25067;0.401095;0.125179
31.126527;1.296939;4.162677;0.325758;16.584525;0.691022;3.838939;0.00202;0;0;0;0;3.5948;0.149783;0.286311;0.015906;10.947203;0.456133;0.656832;0.291925;5.528736;0.230364;0.348329;0.099245
26.482189;1.103425;4.167832;0.307832;11.248463;0.468686;3.844094;0.058082;0.691723;0.028822;0.304118;0.030104;3.5948;0.149783;0.286311;0.015906;10.947203;0.456133;0.656832;0.291925;5.394106;0.224754;0.381855;0.094244
21.235031;0.884793;4.857688;0.23485;12.975802;0.540658;4.53395;0.106611;0.505428;0.02106;0.250571;0.042035;1.367933;0.056997;0.159062;0.015906;6.385869;0.266078;0.364907;0.218944;3.370964;0.140457;0.393448;0.071901
15.184398;0.632683;1.341895;0.23485;9.547992;0.397833;1.107044;0.148108;0;0;0;0;0.381749;0.015906;0.015906;0.015906;5.254658;0.218944;0.218944;0.218944;2.345448;0.097727;0.143767;0.071901
35.710655;1.487944;5.346092;0.460344;20.93135;0.87214;5.022354;0.165824;0.237302;0.009888;0.144042;0.028652;3.5948;0.149783;0.286311;0.015906;10.947203;0.456133;0.656832;0.291925;5.883574;0.245149;0.425154;0.140937
33.758388;1.4066;5.073223;0.460344;18.72378;0.780158;4.749485;0.217748;0.492605;0.020525;0.22904;0.125271;3.5948;0.149783;0.286311;0.015906;10.947203;0.456133;0.656832;0.291925;5.818425;0.242434;0.40744;0.120367
35.840355;1.493348;5.307743;0.460344;21.064017;0.877667;4.984006;0.002628;0.234335;0.009764;0.13723;0.043505;3.5948;0.149783;0.286311;0.015906;10.947203;0.456133;0.656832;0.291925;5.891278;0.24547;0.422664;0.140937
42.229798;1.759575;5.2898;0.537904;27.687795;1.153658;4.966062;0.07756;0;0;0;0;3.5948;0.149783;0.286311;0.015906;10.947203;0.456133;0.656832;0.291925;6.249536;0.260397;0.4215;0.145972
37.814106;1.575588;4.711059;0.460344;23.272103;0.969671;4.387322;0.104218;0;0;0;0;3.5948;0.149783;0.286311;0.015906;10.947203;0.456133;0.656832;0.291925;5.962879;0.248453;0.383929;0.117037
23.951654;0.997986;4.961673;0.23485;15.773418;0.657226;4.637936;0.009035;0.424434;0.017685;0.211724;0.002318;1.367933;0.056997;0.159062;0.015906;6.385869;0.266078;0.364907;0.218944;3.527782;0.146991;0.400198;0.071901
13.333976;0.555582;1.062508;0.23485;7.69757;0.320732;0.827658;0.080083;0;0;0;0;0.381749;0.015906;0.015906;0.015906;5.254658;0.218944;0.218944;0.218944;2.225323;0.092722;0.12563;0.071901
30.721675;1.28007;4.833998;0.460344;15.645786;0.651908;4.51026;0.138054;0.533885;0.022245;0.258186;0.129394;3.5948;0.149783;0.286311;0.015906;10.947203;0.456133;0.656832;0.291925;5.631247;0.234635;0.39191;0.114748
30.899016;1.287459;4.747139;0.460344;16.192583;0.674691;4.423401;0.005141;0.16443;0.006851;0.118139;0.011199;3.5948;0.149783;0.286311;0.015906;10.947203;0.456133;0.656832;0.291925;5.553633;0.231401;0.386271;0.116213
37.134084;1.547254;4.261407;0.326285;22.592081;0.941337;3.937669;0.002548;0;0;0;0;3.5948;0.149783;0.286311;0.015906;10.947203;0.456133;0.656832;0.291925;5.918734;0.246614;0.408489;0.099279
30.631773;1.276324;4.658824;0.460344;16.08977;0.670407;4.335087;0.203299;0;0;0;0;3.5948;0.149783;0.286311;0.015906;10.947203;0.456133;0.656832;0.291925;5.496618;0.229026;0.380538;0.11617
35.985234;1.499385;5.016584;0.460344;21.443231;0.893468;4.692847;0.138287;0;0;0;0;3.5948;0.149783;0.286311;0.015906;10.947203;0.456133;0.656832;0.291925;5.844153;0.243506;0.403763;0.137815
23.125301;0.963554;4.938037;0.23485;15.3715;0.640479;4.614299;0.050546;0;0;0;0;1.367933;0.056997;0.159062;0.015906;6.385869;0.266078;0.364907;0.218944;3.371748;0.140489;0.398664;0.071901
15.815696;0.658987;1.286082;0.23485;10.17929;0.424137;1.051231;0.209565;0;0;0;0;0.381749;0.015906;0.015906;0.015906;5.254658;0.218944;0.218944;0.218944;2.38643;0.099435;0.140144;0.071901
38.049011;1.585375;5.176637;0.460344;23.507009;0.979459;4.852899;0.191775;0;0;0;0;3.5948;0.149783;0.286311;0.015906;10.947203;0.456133;0.656832;0.291925;5.978129;0.249089;0.414153;0.140937
43.302169;1.804257;5.409236;0.555985;28.760166;1.19834;5.085498;0.024177;0;0;0;0;3.5948;0.149783;0.286311;0.015906;10.947203;0.456133;0.656832;0.291925;6.319152;0.263298;0.436055;0.147145
37.944834;1.581035;5.452344;0.460344;23.396153;0.97484;5.128607;0.027013;0.006678;0.000278;0.006678;0.006678;3.5948;0.149783;0.286311;0.015906;10.947203;0.456133;0.656832;0.291925;5.972977;0.248874;0.432052;0.140937
41.634825;1.734784;5.670749;0.59695;27.092823;1.128868;5.347012;0.186983;0;0;0;0;3.5948;0.149783;0.286311;0.015906;10.947203;0.456133;0.656832;0.291925;6.210912;0.258788;0.44623;0.153075
39.94528;1.664387;5.531346;0.487017;25.08321;1.045134;5.207609;0.026673;0.320067;0.013336;0.154263;0.029249;3.5948;0.149783;0.286311;0.015906;10.947203;0.456133;0.656832;0.291925;6.178442;0.257435;0.43718;0.142668
47.18242;1.965934;5.531013;0.23485;39.428619;1.642859;5.207275;0.181406;0;0;0;0;1.367933;0.056997;0.159062;0.015906;6.385869;0.266078;0.364907;0.218944;4.933483;0.205562;0.437159;0.071901
23.46861;0.977859;1.49459;0.23485;17.832203;0.743008;1.25974;0.068395;0;0;0;0;0.381749;0.015906;0.015906;0.015906;5.254658;0.218944;0.218944;0.218944;2.88324;0.120135;0.15368;0.071901
47.620868;1.984203;5.082315;0.491616;33.078865;1.378286;4.758577;0.031272;0;0;0;0;3.5948;0.149783;0.286311;0.015906;10.947203;0.456133;0.656832;0.291925;6.599512;0.27498;0.433249;0.142967
44.559444;1.856643;5.6954;0.59695;30.017441;1.250727;5.371662;0.039581;0;0;0;0;3.5948;0.149783;0.286311;0.015906;10.947203;0.456133;0.656832;0.291925;6.400771;0.266699;0.44783;0.160797
49.339462;2.055811;5.907206;0.59695;33.95441;1.414767;5.583468;0.036925;0.843049;0.035127;0.507861;0.12117;3.5948;0.149783;0.286311;0.015906;10.947203;0.456133;0.656832;0.291925;6.914454;0.288102;0.46158;0.178105
36.955822;1.539826;5.170919;0.460344;22.234758;0.926448;4.847181;0.081837;0.179061;0.007461;0.163877;0.015184;3.5948;0.149783;0.286311;0.015906;10.947203;0.456133;0.656832;0.291925;5.950357;0.247932;0.413782;0.132947
35.248251;1.468677;5.246466;0.460344;19.318002;0.804917;4.922728;0.17531;1.388247;0.057844;0.445051;0.136794;3.5948;0.149783;0.286311;0.015906;10.947203;0.456133;0.656832;0.291925;6.131206;0.255467;0.425003;0.140937
25.529972;1.063749;5.027544;0.23485;17.385565;0.724399;4.703806;0.041506;0.390606;0.016275;0.225215;0.006769;1.367933;0.056997;0.159062;0.015906;6.385869;0.266078;0.364907;0.218944;3.622083;0.15092;0.404475;0.071901
13.750292;0.572929;1.111854;0.23485;8.001654;0.333402;0.877004;0.026853;0.112232;0.004676;0.100589;0.011643;0.381749;0.015906;0.015906;0.015906;5.254658;0.218944;0.218944;0.218944;2.279424;0.094976;0.128834;0.071901
31.607016;1.316959;4.516695;0.323738;12.05251;0.502188;4.192957;0.116211;5.012504;0.208854;1.329824;0.008782;3.5948;0.149783;0.286311;0.015906;10.947203;0.456133;0.656832;0.291925;6.769131;0.282047;0.69588;0.099114
32.840385;1.368349;4.982291;0.460344;15.032575;0.626357;4.658554;0.111805;3.265807;0.136075;1.195424;0.011926;3.5948;0.149783;0.286311;0.015906;10.947203;0.456133;0.656832;0.291925;6.42783;0.267826;0.654733;0.118097
33.184597;1.382692;4.772734;0.452486;14.380229;0.599176;4.448996;0.060464;4.262365;0.177599;1.166588;0.026808;3.5948;0.149783;0.286311;0.015906;10.947203;0.456133;0.656832;0.291925;6.690582;0.278774;0.645905;0.107472
35.049204;1.460384;5.191031;0.460344;16.360825;0.681701;4.867293;0.01473;4.146376;0.172766;1.152418;0.036203;3.5948;0.149783;0.286311;0.015906;10.947203;0.456133;0.656832;0.291925;6.783648;0.282652;0.641567;0.129116
34.281246;1.428385;4.911873;0.460344;19.739243;0.822468;4.588136;0.024082;0;0;0;0;3.5948;0.149783;0.286311;0.015906;10.947203;0.456133;0.656832;0.291925;5.733534;0.238897;0.396965;0.130052
28.844763;1.201865;4.915208;0.23485;21.090962;0.87879;4.59147;0.131598;0;0;0;0;1.367933;0.056997;0.159062;0.015906;6.385869;0.266078;0.364907;0.218944;3.743043;0.15596;0.397182;0.071901
18.572852;0.773869;1.574213;0.23485;12.936446;0.539019;1.339362;0.075347;0;0;0;0;0.381749;0.015906;0.015906;0.015906;5.254658;0.218944;0.218944;0.218944;2.565419;0.106892;0.158849;0.071901
37.734998;1.572292;5.227039;0.486293;22.924338;0.955181;4.903301;0.025949;0.268657;0.011194;0.189463;0.079194;3.5948;0.149783;0.286311;0.015906;10.947203;0.456133;0.656832;0.291925;6.022554;0.25094;0.417425;0.142621
36.57856;1.524107;5.41585;0.460344;20.630088;0.859587;5.092112;0.254437;1.406469;0.058603;0.475689;0.217757;3.5948;0.149783;0.286311;0.015906;10.947203;0.456133;0.656832;0.291925;6.221963;0.259248;0.434383;0.140937
42.386464;1.766103;5.884767;0.561539;24.276524;1.011522;5.561029;0.101195;3.567937;0.148664;1.108901;0.000804;3.5948;0.149783;0.286311;0.015906;10.947203;0.456133;0.656832;0.291925;7.120425;0.296684;0.628244;0.147506
41.825391;1.742725;5.674655;0.546285;24.873584;1.036399;5.350917;0.051386;2.409805;0.100409;0.858742;0.05483;3.5948;0.149783;0.286311;0.015906;10.947203;0.456133;0.656832;0.291925;6.804617;0.283526;0.551656;0.146516
40.101966;1.670915;5.581171;0.51489;24.005366;1.000224;5.257433;0.054546;1.554597;0.064775;0.546122;0.117632;3.5948;0.149783;0.286311;0.015906;10.947203;0.456133;0.656832;0.291925;6.486428;0.270268;0.455946;0.144478
27.341628;1.139234;4.911877;0.23485;16.380851;0.682535;4.58814;0.057703;3.206976;0.133624;1.14474;0.000632;1.367933;0.056997;0.159062;0.015906;6.385869;0.266078;0.364907;0.218944;4.419104;0.184129;0.510883;0.071901
13.430207;0.559592;1.062555;0.23485;7.793801;0.324742;0.827705;0.014099;0;0;0;0;0.381749;0.015906;0.015906;0.015906;5.254658;0.218944;0.218944;0.218944;2.23157;0.092982;0.125633;0.071901
24.695804;1.028992;3.787363;0.307832;10.153802;0.423075;3.463625;0.026523;0;0;0;0;3.5948;0.149783;0.286311;0.015906;10.947203;0.456133;0.656832;0.291925;5.111268;0.21297;0.323965;0.094244
29.533017;1.230542;4.502848;0.307832;12.343631;0.514318;4.179111;0.092976;2.647383;0.110308;0.983052;0.127876;3.5948;0.149783;0.286311;0.015906;10.947203;0.456133;0.656832;0.291925;6.063936;0.252664;0.589714;0.094244
23.398893;0.974954;3.682142;0.307832;8.544672;0.356028;3.358404;0.04812;0.312218;0.013009;0.182217;0.13;3.5948;0.149783;0.286311;0.015906;10.947203;0.456133;0.656832;0.291925;5.102394;0.2126;0.344535;0.094244
25.390761;1.057948;3.840253;0.307832;6.887275;0.28697;3.516515;0.013421;3.961483;0.165062;1.006588;0.059679;3.5948;0.149783;0.286311;0.015906;10.947203;0.456133;0.656832;0.291925;6.11204;0.254668;0.59692;0.094244
27.111966;1.129665;4.030035;0.307832;8.014003;0.333917;3.706297;0.004052;4.55596;0.189832;1.077825;0.00112;3.5948;0.149783;0.286311;0.015906;10.947203;0.456133;0.656832;0.291925;6.367187;0.265299;0.61873;0.094244
20.686499;0.861937;4.715666;0.23485;10.886451;0.453602;4.391928;0.096055;2.046246;0.08526;0.623171;0.153521;1.367933;0.056997;0.159062;0.015906;6.385869;0.266078;0.364907;0.218944;3.707057;0.154461;0.384228;0.071901
14.602781;0.608449;1.295321;0.23485;8.720319;0.363347;1.06047;0.170602;0.246056;0.010252;0.176842;0.069214;0.381749;0.015906;0.015906;0.015906;5.254658;0.218944;0.218944;0.218944;2.367048;0.098627;0.140744;0.071901
31.975918;1.33233;4.882375;0.460344;14.919326;0.621639;4.558637;0.035118;2.514589;0.104775;0.761842;0.002198;3.5948;0.149783;0.286311;0.015906;10.947203;0.456133;0.656832;0.291925;6.190489;0.257937;0.52199;0.11242
29.325782;1.221908;4.716955;0.460344;14.417696;0.600737;4.393217;0.176089;0.366083;0.015253;0.188609;0.177474;3.5948;0.149783;0.286311;0.015906;10.947203;0.456133;0.656832;0.291925;5.500149;0.229173;0.384312;0.110545
28.819286;1.200804;4.465148;0.323738;11.728714;0.488696;4.14141;0.073464;2.548569;0.10619;0.777228;0.005356;3.5948;0.149783;0.286311;0.015906;10.947203;0.456133;0.656832;0.291925;5.993765;0.24974;0.5267;0.099013
34.948656;1.456194;5.183853;0.460344;15.472924;0.644705;4.860115;0.030356;4.933729;0.205572;1.394051;0.019506;3.5948;0.149783;0.286311;0.015906;10.947203;0.456133;0.656832;0.291925;6.967059;0.290294;0.715544;0.116921
36.349299;1.514554;5.032987;0.460344;14.413387;0.600558;4.709249;0.001009;7.393909;0.30808;1.934801;0.028861;3.5948;0.149783;0.286311;0.015906;10.947203;0.456133;0.656832;0.291925;7.651473;0.318811;0.881097;0.121269
28.087717;1.170322;4.580034;0.23485;20.333916;0.847246;4.256296;0.204539;0;0;0;0;1.367933;0.056997;0.159062;0.015906;6.385869;0.266078;0.364907;0.218944;3.693897;0.153912;0.375423;0.071901
15.329265;0.638719;1.075305;0.23485;9.692859;0.403869;0.840455;0.01583;0;0;0;0;0.381749;0.015906;0.015906;0.015906;5.254658;0.218944;0.218944;0.218944;2.354852;0.098119;0.126461;0.071901
36.641076;1.526712;5.226452;0.48892;17.744689;0.739362;4.902714;0.020443;4.354385;0.181433;1.660082;0.173631;3.5948;0.149783;0.286311;0.015906;10.947203;0.456133;0.656832;0.291925;6.937168;0.289049;0.79699;0.131902
31.414221;1.308926;4.861433;0.460344;15.91931;0.663305;4.537695;0.029177;0.952909;0.039705;0.581187;0.00522;3.5948;0.149783;0.286311;0.015906;10.947203;0.456133;0.656832;0.291925;5.77729;0.24072;0.466681;0.131781
30.824348;1.284348;4.610468;0.416363;12.504847;0.521035;4.28673;0.001549;3.777498;0.157396;1.235323;0.010823;3.5948;0.149783;0.286311;0.015906;10.947203;0.456133;0.656832;0.291925;6.420392;0.267516;0.666948;0.105127
25.647234;1.068635;4.07103;0.307832;8.638293;0.359929;3.747293;0.103912;2.466938;0.102789;0.663301;0.012474;3.5948;0.149783;0.286311;0.015906;10.947203;0.456133;0.656832;0.291925;5.76815;0.24034;0.491821;0.094244
35.334752;1.472281;4.977495;0.42786;12.377345;0.515723;4.653757;0.005489;8.415404;0.350642;2.282723;0.028179;3.5948;0.149783;0.286311;0.015906;10.947203;0.456133;0.656832;0.291925;7.832033;0.326335;0.987615;0.102036
28.378224;1.182426;4.980055;0.23485;11.339569;0.472482;4.656318;0.022377;9.284854;0.386869;2.383495;0.008256;1.367933;0.056997;0.159062;0.015906;6.385869;0.266078;0.364907;0.218944;5.952608;0.248025;0.890134;0.071901
13.555844;0.564827;1.661569;0.23485;4.393689;0.18307;0.660103;0.036862;3.525749;0.146906;1.426719;0.000277;0.381749;0.015906;0.015906;0.015906;5.254658;0.218944;0.218944;0.218944;3.090267;0.128761;0.508698;0.071901
31.480787;1.311699;5.202766;0.405397;11.390681;0.474612;4.879028;0.081659;5.548104;0.231171;1.259228;0.023897;3.5948;0.149783;0.286311;0.015906;10.947203;0.456133;0.656832;0.291925;6.890143;0.287089;0.674267;0.104415
31.774235;1.323926;5.338339;0.460344;14.477415;0.603226;5.014601;0.149635;2.754816;0.114784;0.536403;0.030539;3.5948;0.149783;0.286311;0.015906;10.947203;0.456133;0.656832;0.291925;6.235348;0.259806;0.45297;0.119713
41.98135;1.749223;5.264619;0.460344;27.439347;1.143306;4.940882;0.029674;0;0;0;0;3.5948;0.149783;0.286311;0.015906;10.947203;0.456133;0.656832;0.291925;6.233407;0.259725;0.452122;0.140937
35.760811;1.490034;5.413006;0.460344;17.875669;0.74482;5.089268;0.083589;3.343139;0.139297;0.924092;0.081102;3.5948;0.149783;0.286311;0.015906;10.947203;0.456133;0.656832;0.291925;6.636073;0.276503;0.571664;0.139551
36.818536;1.534106;5.673415;0.460344;17.972454;0.748852;5.349677;0.080882;4.304079;0.179337;1.097523;0.0028;3.5948;0.149783;0.286311;0.015906;10.947203;0.456133;0.656832;0.291925;6.936553;0.289023;0.62476;0.140937
26.525726;1.105239;5.098867;0.23485;15.960933;0.665039;4.775129;0.226354;2.810991;0.117125;1.240052;0.011502;1.367933;0.056997;0.159062;0.015906;6.385869;0.266078;0.364907;0.218944;4.270612;0.177942;0.540064;0.071901
11.729706;0.488738;1.17141;0.23485;6.093299;0.253887;0.93656;0.009879;0;0;0;0;0.381749;0.015906;0.015906;0.015906;5.254658;0.218944;0.218944;0.218944;2.121177;0.088382;0.1327;0.071901
26.380442;1.099185;3.894292;0.307832;7.135927;0.29733;3.570555;0.256111;4.702512;0.195938;2.130252;0.01585;3.5948;0.149783;0.286311;0.015906;10.947203;0.456133;0.656832;0.291925;6.355052;0.264794;0.940935;0.094244
24.736196;1.030675;4.044578;0.307832;10.194193;0.424758;3.72084;0.01983;0;0;0;0;3.5948;0.149783;0.286311;0.015906;10.947203;0.456133;0.656832;0.291925;5.11389;0.213079;0.340663;0.094244
27.948142;1.164506;4.19333;0.307832;7.601702;0.316738;3.869592;0.21712;5.804437;0.241852;1.358181;0.012336;3.5948;0.149783;0.286311;0.015906;10.947203;0.456133;0.656832;0.291925;6.722648;0.28011;0.704562;0.094244
33.519835;1.39666;4.69225;0.327125;9.178028;0.382418;4.368512;0.003387;9.799804;0.408325;2.191433;0.004471;3.5948;0.149783;0.286311;0.015906;10.947203;0.456133;0.656832;0.291925;8.048181;0.335341;0.959666;0.098415
26.651853;1.110494;4.289495;0.323699;12.10985;0.504577;3.965757;0.015867;0;0;0;0;3.5948;0.149783;0.286311;0.015906;10.947203;0.456133;0.656832;0.291925;5.23825;0.21826;0.356562;0.095274
18.596662;0.774861;3.7092;0.23485;5.676437;0.236518;3.385462;0.247753;5.166423;0.215268;1.215599;0.098058;1.367933;0.056997;0.159062;0.015906;6.385869;0.266078;0.364907;0.218944;4.324092;0.180171;0.532577;0.071901
7.362859;0.306786;0.770278;0.23485;0.924745;0.038531;0.192095;0.025789;0.801708;0.033404;0.535427;0.26628;0.381749;0.015906;0.015906;0.015906;5.254658;0.218944;0.218944;0.218944;2.031093;0.084629;0.235824;0.071901
26.143604;1.089317;3.058512;0.307832;3.874696;0.161446;2.734774;1.139922;7.726905;0.321954;1.710441;0.088017;3.5948;0.149783;0.286311;0.015906;10.947203;0.456133;0.656832;0.291925;7.069273;0.294553;0.812408;0.094244
30.262511;1.260938;3.748515;0.307832;5.025448;0.209394;3.424777;1.600671;10.695061;0.445628;2.429349;0.002465;3.5948;0.149783;0.286311;0.015906;10.947203;0.456133;0.656832;0.291925;8.052692;0.335529;1.032505;0.094244
34.645011;1.443542;4.771207;0.309345;9.272455;0.386352;4.447469;0.001514;10.830553;0.451273;2.614416;0.002555;3.5948;0.149783;0.286311;0.015906;10.947203;0.456133;0.656832;0.291925;8.36988;0.348745;1.089165;0.094342
34.868596;1.452858;4.711308;0.460344;11.638679;0.484945;4.38757;0.249136;8.687914;0.361996;2.153905;0.029876;3.5948;0.149783;0.286311;0.015906;10.947203;0.456133;0.656832;0.291925;7.867511;0.327813;0.948177;0.115287
33.335304;1.388971;4.292338;0.307832;8.933923;0.372247;3.9686;0.062056;9.859379;0.410807;2.452802;0.04131;3.5948;0.149783;0.286311;0.015906;10.947203;0.456133;0.656832;0.291925;8.050574;0.335441;1.039686;0.094244
25.39136;1.057973;3.526799;0.23485;5.424714;0.22603;3.203061;0.20719;12.212845;0.508869;2.876636;0.022591;1.367933;0.056997;0.159062;0.015906;6.385869;0.266078;0.364907;0.218944;6.465048;0.269377;1.041112;0.071901
9.712306;0.404679;1.001983;0.23485;4.0759;0.169829;0.767133;0.020484;0;0;0;0;0.381749;0.015906;0.015906;0.015906;5.254658;0.218944;0.218944;0.218944;1.990212;0.082925;0.121701;0.071901
37.760087;1.573337;5.450617;0.460344;13.215625;0.550651;5.12688;0.187203;10.002459;0.416769;2.61369;0.095786;3.5948;0.149783;0.286311;0.015906;10.947203;0.456133;0.656832;0.291925;8.372337;0.348847;1.088942;0.131074
38.649122;1.61038;5.39866;0.460344;14.634728;0.60978;5.074922;0.16675;9.472391;0.394683;2.591561;0.094152;3.5948;0.149783;0.286311;0.015906;10.947203;0.456133;0.656832;0.291925;8.302179;0.345924;1.082167;0.140937
36.457388;1.519058;5.080909;0.460344;12.246952;0.51029;4.757171;0.044347;9.668433;0.402851;2.536848;0.000427;3.5948;0.149783;0.286311;0.015906;10.947203;0.456133;0.656832;0.291925;8.207189;0.341966;1.065417;0.112509
35.792202;1.491342;5.553703;0.460344;14.8226;0.617608;5.229965;0.274197;6.4276;0.267817;1.834288;0.019905;3.5948;0.149783;0.286311;0.015906;10.947203;0.456133;0.656832;0.291925;7.382197;0.307592;0.850324;0.140937
35.828862;1.492869;5.414089;0.460344;14.462654;0.602611;5.090351;0.064631;6.824205;0.284342;1.921698;0.008053;3.5948;0.149783;0.286311;0.015906;10.947203;0.456133;0.656832;0.291925;7.480253;0.311677;0.877086;0.138302
26.395861;1.099828;3.30406;0.23485;11.021076;0.459211;2.980322;0.122184;7.620984;0.317541;2.097371;0.005203;1.367933;0.056997;0.159062;0.015906;6.385869;0.266078;0.364907;0.218944;5.42253;0.225939;0.802536;0.071901
17.777468;0.740728;1.986382;0.23485;7.030954;0.292956;1.094761;0.004383;5.110108;0.212921;1.751531;0.153905;0.381749;0.015906;0.015906;0.015906;5.254658;0.218944;0.218944;0.218944;3.746532;0.156106;0.608141;0.071901
22.904458;0.954352;3.791165;0.307832;8.261078;0.344212;3.467427;0.195603;0.101377;0.004224;0.078913;0.010279;3.5948;0.149783;0.286311;0.015906;10.947203;0.456133;0.656832;0.291925;5.019434;0.209143;0.324212;0.094244
23.399524;0.97498;3.921511;0.307832;4.889682;0.203737;3.597773;0.071546;3.967839;0.165327;1.013304;0.038508;3.5948;0.149783;0.286311;0.015906;10.947203;0.456133;0.656832;0.291925;5.984307;0.249346;0.598976;0.094244
21.695717;0.903988;3.770301;0.307832;7.153714;0.298071;3.446563;0.042651;0;0;0;0;3.5948;0.149783;0.286311;0.015906;10.947203;0.456133;0.656832;0.291925;4.916509;0.204855;0.322857;0.094244
30.323075;1.263461;4.362514;0.324659;5.88471;0.245196;4.038776;0.000921;9.896363;0.412348;2.273453;0.002159;3.5948;0.149783;0.286311;0.015906;10.947203;0.456133;0.656832;0.291925;7.863949;0.327665;0.984777;0.095628
22.251007;0.927125;4.014111;0.307832;5.952928;0.248039;3.690374;0.216381;1.756077;0.07317;0.560645;0.000681;3.5948;0.149783;0.286311;0.015906;10.947203;0.456133;0.656832;0.291925;5.376188;0.224008;0.460392;0.094244
20.295625;0.845651;4.113174;0.23485;10.170826;0.423784;3.789436;0.027695;2.370998;0.098792;0.86327;0.04682;1.367933;0.056997;0.159062;0.015906;6.385869;0.266078;0.364907;0.218944;3.760025;0.156668;0.42471;0.071901
11.866168;0.494424;1.367994;0.23485;4.449157;0.185382;0.65835;0.012658;1.780605;0.074192;1.133143;0.047535;0.381749;0.015906;0.015906;0.015906;5.254658;0.218944;0.218944;0.218944;2.559584;0.106649;0.418818;0.071901
23.77619;0.990675;4.076798;0.307832;6.036978;0.251541;3.75306;0.115749;3.197209;0.133217;0.905754;0.01494;3.5948;0.149783;0.286311;0.015906;10.947203;0.456133;0.656832;0.291925;5.822855;0.242619;0.566049;0.094244
29.308429;1.221185;4.040537;0.307832;5.100624;0.212526;3.716799;0.002854;9.665803;0.402742;2.280258;0.033238;3.5948;0.149783;0.286311;0.015906;10.947203;0.456133;0.656832;0.291925;7.74246;0.322603;0.98686;0.094244
24.430059;1.017919;4.086503;0.307832;4.904536;0.204356;3.762765;0.010453;4.98352;0.207647;0.904855;0.02503;3.5948;0.149783;0.286311;0.015906;10.947203;0.456133;0.656832;0.291925;6.296227;0.262343;0.565774;0.094244
30.239712;1.259988;4.086998;0.307832;4.905344;0.204389;3.76326;0.055196;10.792365;0.449682;1.930131;0.13875;3.5948;0.149783;0.286311;0.015906;10.947203;0.456133;0.656832;0.291925;8.074686;0.336445;0.879667;0.094244
27.672461;1.153019;3.718924;0.307832;3.757441;0.15656;3.395186;0.013737;9.373018;0.390542;2.196289;0.036657;3.5948;0.149783;0.286311;0.015906;10.947203;0.456133;0.656832;0.291925;7.565626;0.315234;0.961153;0.094244
20.603893;0.858496;2.644743;0.23485;2.2404;0.09335;1.138468;0.018778;10.609691;0.44207;2.120774;0.09873;1.367933;0.056997;0.159062;0.015906;6.385869;0.266078;0.364907;0.218944;5.767516;0.240313;0.809701;0.071901
18.028013;0.751167;2.90667;0.23485;3.830799;0.159617;1.037392;0.020963;8.560809;0.3567;2.67182;0.038434;0.381749;0.015906;0.015906;0.015906;5.254658;0.218944;0.218944;0.218944;4.595234;0.191468;0.889891;0.071901
29.815704;1.242321;3.962013;0.307832;6.052007;0.252167;3.638275;0.276155;9.221694;0.384237;1.431181;0.008863;3.5948;0.149783;0.286311;0.015906;10.947203;0.456133;0.656832;0.291925;7.668256;0.319511;0.726911;0.094244
29.223689;1.217654;3.113325;0.307832;2.909735;0.121239;2.789587;0.120147;11.771952;0.490498;1.949019;0.067596;3.5948;0.149783;0.286311;0.015906;10.947203;0.456133;0.656832;0.291925;8.245041;0.343543;0.88545;0.094244
20.724663;0.863528;3.08932;0.307832;3.742816;0.155951;2.765582;0.064493;2.439844;0.10166;0.497775;0.037331;3.5948;0.149783;0.286311;0.015906;10.947203;0.456133;0.656832;0.291925;5.442052;0.226752;0.441144;0.094244
31.138584;1.297441;3.886247;0.307832;3.353224;0.139718;3.219328;0.133896;13.243357;0.551807;2.943104;0.000394;3.5948;0.149783;0.286311;0.015906;10.947203;0.456133;0.656832;0.291925;8.724309;0.363513;1.189794;0.094244
33.217325;1.384055;3.936345;0.307832;2.913364;0.12139;2.829466;0.083898;15.761958;0.656748;2.993202;0.019986;3.5948;0.149783;0.286311;0.015906;10.947203;0.456133;0.656832;0.291925;9.466836;0.394452;1.205132;0.094244
12.523332;0.521805;2.198769;0.23485;2.209265;0.092053;1.875032;0.00326;2.560265;0.106678;0.485185;0.043687;1.367933;0.056997;0.159062;0.015906;6.385869;0.266078;0.364907;0.218944;3.301123;0.137547;0.308957;0.071901
13.690757;0.570448;2.461383;0.23485;0;0;0;0;8.054351;0.335598;2.226533;0.002059;0.381749;0.015906;0.015906;0.015906;5.254658;0.218944;0.218944;0.218944;4.191493;0.174646;0.753565;0.071901
35.029461;1.459561;4.291555;0.307832;3.544592;0.147691;3.460166;0.037692;16.942866;0.705953;3.348412;0.046567;3.5948;0.149783;0.286311;0.015906;10.947203;0.456133;0.656832;0.291925;9.869355;0.411223;1.313881;0.094244
35.97907;1.499128;4.130704;0.307832;3.567383;0.148641;2.466561;0.130497;17.869684;0.74457;3.18756;0.031286;3.5948;0.149783;0.286311;0.015906;10.947203;0.456133;0.656832;0.291925;10.154584;0.423108;1.264635;0.094244
24.891371;1.03714;3.758318;0.307832;6.065037;0.25271;3.43458;0.135242;4.284332;0.178514;1.289782;0.021409;3.5948;0.149783;0.286311;0.015906;10.947203;0.456133;0.656832;0.291925;6.157504;0.256563;0.683621;0.094244
28.563972;1.190165;3.770687;0.307832;5.217213;0.217384;3.446949;0.026335;8.804756;0.366865;1.597793;0.064092;3.5948;0.149783;0.286311;0.015906;10.947203;0.456133;0.656832;0.291925;7.486415;0.311934;0.77792;0.094244
34.481309;1.436721;4.076788;0.307832;3.585415;0.149392;2.337899;0.137646;16.353891;0.681412;3.133645;0.004227;3.5948;0.149783;0.286311;0.015906;10.947203;0.456133;0.656832;0.291925;9.691688;0.40382;1.248129;0.094244
25.392062;1.058003;3.451565;0.23485;4.136804;0.172367;1.022967;0.022803;13.501457;0.562561;2.927597;0.043179;1.367933;0.056997;0.159062;0.015906;6.385869;0.266078;0.364907;0.218944;6.775954;0.282331;1.056714;0.071901
9.105552;0.379398;0.865079;0.23485;3.469146;0.144548;0.630229;0.039011;0;0;0;0;0.381749;0.015906;0.015906;0.015906;5.254658;0.218944;0.218944;0.218944;1.950823;0.081284;0.112814;0.071901
27.293475;1.137228;3.678784;0.323738;6.154027;0.256418;3.355046;0.130812;6.597445;0.274894;1.531245;0.019969;3.5948;0.149783;0.286311;0.015906;10.947203;0.456133;0.656832;0.291925;6.871452;0.28631;0.757546;0.099114
31.898281;1.329095;3.301325;0.307832;5.300554;0.220856;2.932436;0.399733;12.055725;0.502322;2.358181;0.016652;3.5948;0.149783;0.286311;0.015906;10.947203;0.456133;0.656832;0.291925;8.487126;0.35363;1.010717;0.094244
33.572628;1.39886;3.598155;0.323738;5.814511;0.242271;3.093439;0.108847;13.216114;0.550671;2.655011;0.037565;3.5948;0.149783;0.286311;0.015906;10.947203;0.456133;0.656832;0.291925;8.87575;0.369823;1.101593;0.099114
32.805275;1.366886;3.564052;0.307832;6.315264;0.263136;3.240314;0.000562;11.948008;0.497834;2.05361;0.022449;3.5948;0.149783;0.286311;0.015906;10.947203;0.456133;0.656832;0.291925;8.52002;0.355001;0.917471;0.094244
36.883106;1.536796;4.257821;0.307832;3.708392;0.154516;2.289383;0.089004;18.63271;0.776363;3.314677;0.07076;3.5948;0.149783;0.286311;0.015906;10.947203;0.456133;0.656832;0.291925;10.397343;0.433223;1.303553;0.094244
25.140413;1.047517;3.852811;0.23485;0;0;0;0;17.386612;0.724442;3.328843;0.266554;1.367933;0.056997;0.159062;0.015906;6.385869;0.266078;0.364907;0.218944;7.696862;0.320703;1.179557;0.071901
18.024666;0.751028;3.119036;0.23485;0;0;0;0;12.38826;0.516177;2.884186;0.031887;0.381749;0.015906;0.015906;0.015906;5.254658;0.218944;0.218944;0.218944;5.51834;0.229931;0.954908;0.071901
38.044294;1.585179;4.454439;0.307832;1.878367;0.078265;1.878367;1.878367;21.623924;0.900997;3.511296;0.011811;3.5948;0.149783;0.286311;0.015906;10.947203;0.456133;0.656832;0.291925;11.194317;0.46643;1.363749;0.094244
38.096676;1.587361;4.258432;0.307832;2.14811;0.089505;2.112265;0.035846;21.406563;0.89194;3.315288;0.023659;3.5948;0.149783;0.286311;0.015906;10.947203;0.456133;0.656832;0.291925;11.145281;0.464387;1.30374;0.094244
33.480735;1.395031;3.617688;0.307832;2.378147;0.099089;2.365541;0.012606;16.560585;0.690024;2.674544;0.130623;3.5948;0.149783;0.286311;0.015906;10.947203;0.456133;0.656832;0.291925;9.676595;0.403191;1.107573;0.094244
40.832561;1.701357;4.543095;0.307832;2.613971;0.108915;2.239473;0.090104;23.676587;0.986524;3.599951;0.044179;3.5948;0.149783;0.286311;0.015906;10.947203;0.456133;0.656832;0.291925;11.870503;0.494604;1.390891;0.094244
36.400354;1.516681;4.040383;0.307832;3.132331;0.130514;2.559563;0.201604;18.72602;0.780251;3.09724;0.163913;3.5948;0.149783;0.286311;0.015906;10.947203;0.456133;0.656832;0.291925;10.388513;0.432855;1.236983;0.094244
24.286633;1.011943;3.450507;0.23485;1.679815;0.069992;0.623184;0.000367;14.853017;0.618876;2.926539;0.167921;1.367933;0.056997;0.159062;0.015906;6.385869;0.266078;0.364907;0.218944;7.030239;0.292927;1.05639;0.071901
19.658617;0.819109;2.58009;0.23485;4.769524;0.19873;1.297572;0.108365;9.252687;0.385529;2.34524;0.120766;0.381749;0.015906;0.015906;0.015906;5.254658;0.218944;0.218944;0.218944;4.867996;0.202833;0.789907;0.071901
27.915115;1.16313;3.57461;0.307832;5.535173;0.230632;3.250872;0.098278;7.837939;0.326581;1.068665;0.030858;3.5948;0.149783;0.286311;0.015906;10.947203;0.456133;0.656832;0.291925;7.211061;0.300461;0.615925;0.094244
21.476256;0.894844;3.167674;0.307832;3.818954;0.159123;2.843936;0.203284;3.115299;0.129804;0.556072;0.125509;3.5948;0.149783;0.286311;0.015906;10.947203;0.456133;0.656832;0.291925;5.653788;0.235575;0.458992;0.094244
23.681906;0.986746;2.940058;0.307832;2.836875;0.118203;2.616321;0.039297;6.303029;0.262626;0.881731;0.025377;3.5948;0.149783;0.286311;0.015906;10.947203;0.456133;0.656832;0.291925;6.565973;0.273582;0.558694;0.094244
34.695986;1.445666;4.08521;0.307832;2.081637;0.086735;2.070269;0.011368;18.072347;0.753014;3.142067;0.127071;3.5948;0.149783;0.286311;0.015906;10.947203;0.456133;0.656832;0.291925;10.120179;0.421674;1.250707;0.094244
27.629984;1.151249;2.596989;0.307832;2.020904;0.084204;2.020904;2.020904;11.067077;0.461128;1.653845;0.084594;3.5948;0.149783;0.286311;0.015906;10.947203;0.456133;0.656832;0.291925;7.971539;0.332147;0.795081;0.094244
10.607695;0.441987;1.295398;0.23485;0.97166;0.040486;0.97166;0.97166;1.882234;0.078426;0.494704;0.00129;1.367933;0.056997;0.159062;0.015906;6.385869;0.266078;0.364907;0.218944;3.013198;0.12555;0.311872;0.071901
7.415789;0.308991;1.142475;0.23485;0;0;0;0;1.779383;0.074141;0.907625;0.035794;0.381749;0.015906;0.015906;0.015906;5.254658;0.218944;0.218944;0.218944;2.27038;0.094599;0.349774;0.071901
32.548658;1.356194;3.646665;0.307832;1.816493;0.075687;1.816493;1.816493;16.190162;0.67459;2.703521;0.086983;3.5948;0.149783;0.286311;0.015906;10.947203;0.456133;0.656832;0.291925;9.526727;0.396947;1.116444;0.094244
36.753781;1.531408;4.190922;0.307832;2.556121;0.106505;2.334171;0.0048;19.655657;0.818986;3.247779;0.203742;3.5948;0.149783;0.286311;0.015906;10.947203;0.456133;0.656832;0.291925;10.63572;0.443155;1.283072;0.094244
33.531439;1.397143;3.609356;0.307832;1.917376;0.079891;1.917376;1.917376;17.07206;0.711336;2.666212;0.003477;3.5948;0.149783;0.286311;0.015906;10.947203;0.456133;0.656832;0.291925;9.803273;0.40847;1.105022;0.094244
27.526207;1.146925;2.453412;0.307832;1.957596;0.081567;1.923065;0.034532;11.026608;0.459442;1.510268;0.020516;3.5948;0.149783;0.286311;0.015906;10.947203;0.456133;0.656832;0.291925;7.955039;0.33146;0.751124;0.094244
21.425432;0.892726;3.140143;0.307832;4.088598;0.170358;2.816405;0.231264;2.794831;0.116451;0.492246;0.020398;3.5948;0.149783;0.286311;0.015906;10.947203;0.456133;0.656832;0.291925;5.57318;0.232216;0.439452;0.094244
12.36773;0.515322;2.691463;0.23485;2.655269;0.110636;2.367726;0.047023;1.95866;0.081611;0.421253;0.049417;1.367933;0.056997;0.159062;0.015906;6.385869;0.266078;0.364907;0.218944;3.145892;0.131079;0.289384;0.071901
17.749271;0.739553;2.831674;0.23485;0.932627;0.038859;0.424879;0.072918;11.180238;0.465843;2.596824;0.000072;0.381749;0.015906;0.015906;0.015906;5.254658;0.218944;0.218944;0.218944;5.209043;0.217043;0.866931;0.071901
37.491273;1.562136;4.176532;0.307832;2.22586;0.092744;1.542902;0.077669;20.72341;0.863475;3.233389;0.004104;3.5948;0.149783;0.286311;0.015906;10.947203;0.456133;0.656832;0.291925;10.941178;0.455882;1.278666;0.094244
35.381569;1.474232;3.941038;0.307832;2.258428;0.094101;1.752916;0.006931;18.581139;0.774214;2.997894;0.183599;3.5948;0.149783;0.286311;0.015906;10.947203;0.456133;0.656832;0.291925;10.287425;0.428643;1.206568;0.094244
25.297325;1.054055;3.432252;0.307832;3.821615;0.159234;3.108514;0.006471;6.933707;0.288904;1.135391;0.008212;3.5948;0.149783;0.286311;0.015906;10.947203;0.456133;0.656832;0.291925;6.822985;0.284291;0.636354;0.094244
38.45243;1.602185;4.280455;0.307832;2.658315;0.110763;1.505899;0.008837;21.252113;0.885505;3.337312;0.003231;3.5948;0.149783;0.286311;0.015906;10.947203;0.456133;0.656832;0.291925;11.131117;0.463797;1.310483;0.094244
40.209327;1.675389;4.473227;0.307832;1.991481;0.082978;1.361917;0.068965;23.675843;0.986493;3.530084;0.041256;3.5948;0.149783;0.286311;0.015906;10.947203;0.456133;0.656832;0.291925;11.829865;0.492911;1.369501;0.094244
29.579398;1.232475;3.867511;0.23485;1.432539;0.059689;0.660667;0.123958;20.393058;0.849711;3.343542;0.554022;1.367933;0.056997;0.159062;0.015906;6.385869;0.266078;0.364907;0.218944;8.710297;0.362929;1.184058;0.071901
15.135582;0.630649;2.601461;0.23485;0.040951;0.001706;0.033971;0.00698;9.458225;0.394093;2.366611;0.057273;0.381749;0.015906;0.015906;0.015906;5.254658;0.218944;0.218944;0.218944;4.623954;0.192665;0.79645;0.071901
29.918037;1.246585;3.300529;0.307832;1.308881;0.054537;1.308881;1.308881;14.067153;0.586131;2.357386;0.06386;3.5948;0.149783;0.286311;0.015906;10.947203;0.456133;0.656832;0.291925;8.843804;0.368492;1.010473;0.094244
37.421305;1.559221;4.357055;0.307832;0.966147;0.040256;0.966147;0.966147;21.913156;0.913048;3.413911;0.01835;3.5948;0.149783;0.286311;0.015906;10.947203;0.456133;0.656832;0.291925;11.223647;0.467652;1.333934;0.094244
31.442495;1.310104;3.443108;0.307832;0.861768;0.035907;0.861768;0.861768;16.038724;0.66828;2.499964;0.011579;3.5948;0.149783;0.286311;0.015906;10.947203;0.456133;0.656832;0.291925;9.418385;0.392433;1.054124;0.094244
34.450355;1.435431;4.359209;0.307832;0.98825;0.041177;0.98825;0.98825;18.920102;0.788338;3.416065;0.099092;3.5948;0.149783;0.286311;0.015906;10.947203;0.456133;0.656832;0.291925;10.308743;0.429531;1.334593;0.094244
38.448859;1.602036;4.534083;0.307832;0.693756;0.028907;0.693756;0.693756;23.2131;0.967212;3.590939;0.041923;3.5948;0.149783;0.286311;0.015906;10.947203;0.456133;0.656832;0.291925;11.603948;0.483498;1.388132;0.094244
26.973018;1.123876;3.825188;0.23485;0;0;0;0;19.219217;0.800801;3.30122;0.343359;1.367933;0.056997;0.159062;0.015906;6.385869;0.266078;0.364907;0.218944;8.257923;0.34408;1.1711;0.071901
14.887034;0.620293;2.446826;0.23485;0;0;0;0;9.250628;0.385443;2.211976;0.006308;0.381749;0.015906;0.015906;0.015906;5.254658;0.218944;0.218944;0.218944;4.557739;0.189906;0.749108;0.071901
29.136897;1.214037;3.041815;0.307832;0.974142;0.040589;0.974142;0.974142;13.620752;0.567531;2.098672;0.002086;3.5948;0.149783;0.286311;0.015906;10.947203;0.456133;0.656832;0.291925;8.685405;0.361892;0.931267;0.094244
30.879336;1.286639;2.500692;0.307832;1.933028;0.080543;1.933028;1.933028;14.404306;0.600179;1.557548;0.00968;3.5948;0.149783;0.286311;0.015906;10.947203;0.456133;0.656832;0.291925;8.987543;0.374481;0.765599;0.094244
22.973967;0.957249;2.049444;0.307832;1.572238;0.06551;1.572238;1.572238;6.859727;0.285822;1.1063;0.000528;3.5948;0.149783;0.286311;0.015906;10.947203;0.456133;0.656832;0.291925;6.654311;0.277263;0.627447;0.094244
39.146513;1.631105;4.554801;0.307832;0.818659;0.034111;0.818659;0.818659;23.785851;0.991077;3.611657;0.055336;3.5948;0.149783;0.286311;0.015906;10.947203;0.456133;0.656832;0.291925;11.787407;0.491142;1.394475;0.094244
39.775019;1.657292;4.497876;0.307832;0.764122;0.031838;0.764122;0.764122;24.468895;1.019537;3.554732;0.118873;3.5948;0.149783;0.286311;0.015906;10.947203;0.456133;0.656832;0.291925;11.992984;0.499708;1.377047;0.094244
24.149958;1.006248;3.434682;0.23485;0.146146;0.006089;0.146146;0.146146;16.250011;0.677084;2.910714;0.172549;1.367933;0.056997;0.159062;0.015906;6.385869;0.266078;0.364907;0.218944;7.358373;0.306599;1.051545;0.071901
11.677098;0.486546;1.804034;0.23485;0;0;0;0;6.040692;0.251695;1.569183;0.123042;0.381749;0.015906;0.015906;0.015906;5.254658;0.218944;0.218944;0.218944;3.575001;0.148958;0.552314;0.071901
27.799186;1.158299;2.256646;0.307832;1.1626;0.048442;1.1626;1.1626;12.094583;0.503941;1.313502;0.00967;3.5948;0.149783;0.286311;0.015906;10.947203;0.456133;0.656832;0.291925;8.230396;0.342933;0.690883;0.094244
29.363435;1.223476;2.411627;0.307832;0.455963;0.018998;0.455963;0.455963;14.365469;0.598561;1.468484;0.001579;3.5948;0.149783;0.286311;0.015906;10.947203;0.456133;0.656832;0.291925;8.879765;0.36999;0.738332;0.094244
38.013684;1.583904;4.295132;0.307832;0.678717;0.02828;0.678717;0.678717;22.792965;0.949707;3.351988;0.06757;3.5948;0.149783;0.286311;0.015906;10.947203;0.456133;0.656832;0.291925;11.474345;0.478098;1.314976;0.094244
37.389021;1.557876;4.380992;0.307832;0.886424;0.036934;0.886424;0.886424;21.960594;0.915025;3.437848;0.01716;3.5948;0.149783;0.286311;0.015906;10.947203;0.456133;0.656832;0.291925;11.232995;0.468041;1.341262;0.094244
39.243009;1.635125;4.602191;0.307832;0.939149;0.039131;0.939149;0.939149;23.761857;0.990077;3.659047;0.042164;3.5948;0.149783;0.286311;0.015906;10.947203;0.456133;0.656832;0.291925;11.787883;0.491162;1.408983;0.094244
26.632549;1.10969;3.739772;0.23485;0;0;0;0;18.878748;0.786615;3.215803;0.388419;1.367933;0.056997;0.159062;0.015906;6.385869;0.266078;0.364907;0.218944;8.153686;0.339737;1.14495;0.071901
18.188629;0.75786;2.877906;0.23485;0;0;0;0;12.552223;0.523009;2.643056;0.044555;0.381749;0.015906;0.015906;0.015906;5.254658;0.218944;0.218944;0.218944;5.568539;0.232022;0.881085;0.071901
40.93977;1.705824;4.756622;0.307832;0.573663;0.023903;0.573663;0.573663;25.824104;1.076004;3.813479;0.152959;3.5948;0.149783;0.286311;0.015906;10.947203;0.456133;0.656832;0.291925;12.395524;0.51648;1.456263;0.094244
39.071691;1.627987;4.327051;0.307832;1.227185;0.051133;1.227185;1.227185;23.302503;0.970938;3.383908;0.070367;3.5948;0.149783;0.286311;0.015906;10.947203;0.456133;0.656832;0.291925;11.665948;0.486081;1.324748;0.094244
39.87781;1.661575;4.673116;0.307832;0.702528;0.029272;0.702528;0.702528;24.633279;1.026387;3.729972;0.094662;3.5948;0.149783;0.286311;0.015906;10.947203;0.456133;0.656832;0.291925;12.039312;0.501638;1.430697;0.094244
40.935567;1.705649;4.585924;0.307832;0.912583;0.038024;0.912583;0.912583;25.480982;1.061708;3.64278;0.130725;3.5948;0.149783;0.286311;0.015906;10.947203;0.456133;0.656832;0.291925;12.312477;0.51302;1.404003;0.094244
37.278644;1.553277;3.899388;0.307832;1.284532;0.053522;1.284532;1.284532;21.45211;0.893838;2.956245;0.025595;3.5948;0.149783;0.286311;0.015906;10.947203;0.456133;0.656832;0.291925;11.103164;0.462632;1.193817;0.094244
27.443806;1.143492;3.888739;0.23485;0.544553;0.02269;0.353849;0.0885;19.145452;0.797727;3.364771;0.370317;1.367933;0.056997;0.159062;0.015906;6.385869;0.266078;0.364907;0.218944;8.27069;0.344612;1.190557;0.071901
14.986263;0.624428;2.186766;0.23485;0.70485;0.029369;0.284262;0.001539;8.645006;0.360209;1.951916;0.123171;0.381749;0.015906;0.015906;0.015906;5.254658;0.218944;0.218944;0.218944;4.418082;0.184087;0.669489;0.071901
39.405472;1.641895;4.323939;0.307832;1.599384;0.066641;1.399926;0.027931;23.264085;0.969337;3.380795;0.04699;3.5948;0.149783;0.286311;0.015906;10.947203;0.456133;0.656832;0.291925;11.678349;0.486598;1.323795;0.094244
33.297104;1.387379;3.582208;0.307832;1.833537;0.076397;1.833537;1.833537;16.921565;0.705065;2.639065;0.036524;3.5948;0.149783;0.286311;0.015906;10.947203;0.456133;0.656832;0.291925;9.751756;0.406323;1.096711;0.094244
35.469333;1.477889;4.176004;0.307832;0.639356;0.02664;0.639356;0.639356;20.287974;0.845332;3.23286;0.121488;3.5948;0.149783;0.286311;0.015906;10.947203;0.456133;0.656832;0.291925;10.704875;0.446036;1.278504;0.094244
36.565876;1.523578;4.099315;0.307832;0.199247;0.008302;0.199247;0.199247;21.824626;0.909359;3.156172;0.010721;3.5948;0.149783;0.286311;0.015906;10.947203;0.456133;0.656832;0.291925;11.146758;0.464448;1.255026;0.094244
38.685545;1.611898;4.527749;0.307832;0.211847;0.008827;0.211847;0.211847;23.931695;0.997154;3.584605;0.015984;3.5948;0.149783;0.286311;0.015906;10.947203;0.456133;0.656832;0.291925;11.792665;0.491361;1.386193;0.094244
27.728348;1.155348;3.428316;0.23485;0;0;0;0;19.974547;0.832273;2.904347;0.577977;1.367933;0.056997;0.159062;0.015906;6.385869;0.266078;0.364907;0.218944;8.489171;0.353715;1.049596;0.071901
18.814633;0.783943;2.707608;0.23485;0;0;0;0;13.178227;0.549093;2.472758;0.041046;0.381749;0.015906;0.015906;0.015906;5.254658;0.218944;0.218944;0.218944;5.760193;0.240008;0.828948;0.071901
42.386314;1.766096;4.926787;0.307832;0.167399;0.006975;0.167399;0.167399;27.676912;1.153205;3.983643;0.016923;3.5948;0.149783;0.286311;0.015906;10.947203;0.456133;0.656832;0.291925;12.936396;0.539017;1.50836;0.094244
38.847974;1.618666;4.325614;0.307832;0.39248;0.016353;0.39248;0.39248;23.913491;0.996395;3.382471;0.000624;3.5948;0.149783;0.286311;0.015906;10.947203;0.456133;0.656832;0.291925;11.798818;0.491617;1.324308;0.094244
41.147129;1.714464;4.700354;0.307832;0.570197;0.023758;0.570197;0.570197;26.034929;1.084789;3.75721;0.030979;3.5948;0.149783;0.286311;0.015906;10.947203;0.456133;0.656832;0.291925;12.459844;0.51916;1.439037;0.094244
25.462786;1.060949;2.44147;0.307832;0.035209;0.001467;0.035209;0.035209;10.885574;0.453566;1.498327;0.028151;3.5948;0.149783;0.286311;0.015906;10.947203;0.456133;0.656832;0.291925;7.787064;0.324461;0.747468;0.094244
29.635416;1.234809;3.129503;0.307832;0.317715;0.013238;0.317715;0.317715;14.775699;0.615654;2.186359;0.0031;3.5948;0.149783;0.286311;0.015906;10.947203;0.456133;0.656832;0.291925;8.996384;0.374849;0.958113;0.094244
24.8555;1.035646;3.132744;0.23485;0;0;0;0;17.101699;0.712571;2.608775;0.529016;1.367933;0.056997;0.159062;0.015906;6.385869;0.266078;0.364907;0.218944;7.609634;0.317068;0.959105;0.071901
19.377918;0.807413;2.9542;0.23485;0;0;0;0;13.741512;0.572563;2.71935;0.019989;0.381749;0.015906;0.015906;0.015906;5.254658;0.218944;0.218944;0.218944;5.932645;0.247194;0.904443;0.071901
43.234402;1.801433;4.829923;0.307832;1.695417;0.070642;1.695417;1.695417;26.996982;1.124874;3.886779;0.17232;3.5948;0.149783;0.286311;0.015906;10.947203;0.456133;0.656832;0.291925;12.827428;0.534476;1.478705;0.094244
35.118519;1.463272;3.416338;0.307832;1.817115;0.075713;1.817115;1.817115;18.759401;0.781642;2.473194;0.074938;3.5948;0.149783;0.286311;0.015906;10.947203;0.456133;0.656832;0.291925;10.313352;0.429723;1.045929;0.094244
36.542425;1.522601;4.325437;0.307832;1.33421;0.055592;1.33421;1.33421;20.666213;0.861092;3.382294;0.127101;3.5948;0.149783;0.286311;0.015906;10.947203;0.456133;0.656832;0.291925;10.865783;0.452741;1.324254;0.094244
33.692498;1.403854;3.671745;0.307832;2.361838;0.09841;2.361838;2.361838;16.788658;0.699527;2.728602;0.017763;3.5948;0.149783;0.286311;0.015906;10.947203;0.456133;0.656832;0.291925;9.745362;0.406057;1.124123;0.094244
42.681887;1.778412;4.546328;0.307832;2.806474;0.116936;2.321758;0.111854;25.333411;1.055559;3.603184;0.072443;3.5948;0.149783;0.286311;0.015906;10.947203;0.456133;0.656832;0.291925;12.390245;0.51626;1.391881;0.094244
25.089652;1.045402;2.806664;0.23485;0.447659;0.018652;0.232831;0.104253;16.888192;0.703675;2.282695;0.461052;1.367933;0.056997;0.159062;0.015906;6.385869;0.266078;0.364907;0.218944;7.573329;0.315555;0.859274;0.071901
19.949325;0.831222;3.174786;0.23485;0;0;0;0;14.312919;0.596372;2.939936;0.121659;0.381749;0.015906;0.015906;0.015906;5.254658;0.218944;0.218944;0.218944;6.107584;0.254483;0.971976;0.071901
39.739639;1.655818;4.619772;0.307832;2.162158;0.09009;2.162158;2.162158;23.035479;0.959812;3.676629;0.067906;3.5948;0.149783;0.286311;0.015906;10.947203;0.456133;0.656832;0.291925;11.644894;0.485204;1.414366;0.094244
41.579274;1.73247;4.838977;0.307832;2.324076;0.096837;2.324076;2.324076;24.713196;1.029716;3.895834;0.097926;3.5948;0.149783;0.286311;0.015906;10.947203;0.456133;0.656832;0.291925;12.169047;0.507044;1.481477;0.094244
40.783713;1.699321;4.981144;0.307832;0.622894;0.025954;0.622894;0.622894;25.618816;1.067451;4.038;0.022671;3.5948;0.149783;0.286311;0.015906;10.947203;0.456133;0.656832;0.291925;12.33587;0.513995;1.525002;0.094244
41.428053;1.726169;5.071211;0.307832;0.316226;0.013176;0.316226;0.316226;26.569824;1.107076;4.128067;0.032076;3.5948;0.149783;0.286311;0.015906;10.947203;0.456133;0.656832;0.291925;12.607117;0.525297;1.552576;0.094244
40.949639;1.706235;5.14161;0.307832;0;0;0;0;26.407636;1.100318;4.198466;0.000089;3.5948;0.149783;0.286311;0.015906;10.947203;0.456133;0.656832;0.291925;12.536934;0.522372;1.574129;0.094244
29.094786;1.212283;4.358598;0.23485;0;0;0;0;21.340984;0.889208;3.834629;0.464719;1.367933;0.056997;0.159062;0.015906;6.385869;0.266078;0.364907;0.218944;8.907512;0.371146;1.334406;0.071901
18.631955;0.776331;3.280456;0.23485;0;0;0;0;12.995548;0.541481;3.045606;0.057182;0.381749;0.015906;0.015906;0.015906;5.254658;0.218944;0.218944;0.218944;5.704265;0.237678;1.004328;0.071901
35.211557;1.467148;4.030073;0.307832;0.773093;0.032212;0.773093;0.773093;19.896461;0.829019;3.08693;0.044633;3.5948;0.149783;0.286311;0.015906;10.947203;0.456133;0.656832;0.291925;10.593693;0.441404;1.233827;0.094244
27.980415;1.165851;2.658736;0.307832;1.469681;0.061237;1.469681;1.469681;11.968731;0.498697;1.715593;0.001941;3.5948;0.149783;0.286311;0.015906;10.947203;0.456133;0.656832;0.291925;8.2118;0.342158;0.813985;0.094244
34.341716;1.430905;3.912731;0.307832;1.738874;0.072453;1.738874;1.738874;18.060839;0.752535;2.969588;0.05388;3.5948;0.149783;0.286311;0.015906;10.947203;0.456133;0.656832;0.291925;10.094405;0.4206;1.197902;0.094244
38.019004;1.584125;4.170632;0.307832;1.746251;0.07276;1.746251;1.746251;21.730751;0.905448;3.227488;0.100253;3.5948;0.149783;0.286311;0.015906;10.947203;0.456133;0.656832;0.291925;11.218445;0.467435;1.276859;0.094244
39.359404;1.639975;4.724361;0.307832;1.653616;0.068901;1.653616;1.653616;23.163785;0.965158;3.781218;0.047306;3.5948;0.149783;0.286311;0.015906;10.947203;0.456133;0.656832;0.291925;11.651162;0.485465;1.446387;0.094244
28.821173;1.200882;4.322076;0.23485;0.123495;0.005146;0.123495;0.123495;20.943877;0.872662;3.798108;0.442063;1.367933;0.056997;0.159062;0.015906;6.385869;0.266078;0.364907;0.218944;8.793953;0.366415;1.323225;0.071901
18.132903;0.755538;2.778792;0.23485;0.139401;0.005808;0.138866;0.000535;12.357096;0.514879;2.543942;0.161822;0.381749;0.015906;0.015906;0.015906;5.254658;0.218944;0.218944;0.218944;5.517849;0.22991;0.850741;0.071901
41.632649;1.734694;4.840995;0.307832;2.175698;0.090654;2.175698;2.175698;24.914949;1.038123;3.897852;0.088278;3.5948;0.149783;0.286311;0.015906;10.947203;0.456133;0.656832;0.291925;12.221182;0.509216;1.482095;0.094244
42.983993;1.791;4.998063;0.307832;1.557251;0.064885;1.557251;1.557251;26.884739;1.120197;4.054919;0.168228;3.5948;0.149783;0.286311;0.015906;10.947203;0.456133;0.656832;0.291925;12.784095;0.532671;1.530182;0.094244
43.376843;1.807368;4.971828;0.307832;2.067815;0.086159;2.067815;2.067815;26.767025;1.115293;4.028685;0.13933;3.5948;0.149783;0.286311;0.015906;10.947203;0.456133;0.656832;0.291925;12.781201;0.53255;1.52215;0.094244
42.333747;1.763906;4.862945;0.307832;1.690025;0.070418;1.690025;1.690025;26.101719;1.087572;3.919802;0.002391;3.5948;0.149783;0.286311;0.015906;10.947203;0.456133;0.656832;0.291925;12.552989;0.523041;1.488815;0.094244
40.901135;1.704214;4.71882;0.307832;2.162726;0.090114;2.162726;2.162726;24.196406;1.008184;3.775677;0.079603;3.5948;0.149783;0.286311;0.015906;10.947203;0.456133;0.656832;0.291925;12.000354;0.500015;1.44469;0.094244
26.887681;1.12032;3.613887;0.23485;0.225724;0.009405;0.225724;0.225724;18.908156;0.78784;3.089919;0.294991;1.367933;0.056997;0.159062;0.015906;6.385869;0.266078;0.364907;0.218944;8.177343;0.340723;1.106409;0.071901
16.698829;0.695785;2.877956;0.23485;0;0;0;0;11.062423;0.460934;2.643105;0.019223;0.381749;0.015906;0.015906;0.015906;5.254658;0.218944;0.218944;0.218944;5.112429;0.213018;0.8811;0.071901
37.186327;1.54943;4.252796;0.307832;2.167903;0.090329;2.167903;2.167903;20.476422;0.853184;3.309653;0.005215;3.5948;0.149783;0.286311;0.015906;10.947203;0.456133;0.656832;0.291925;10.861799;0.452575;1.302015;0.094244
31.687264;1.320303;3.542716;0.307832;1.822621;0.075943;1.822621;1.822621;15.32264;0.638443;2.599572;0.112592;3.5948;0.149783;0.286311;0.015906;10.947203;0.456133;0.656832;0.291925;9.261528;0.385897;1.08462;0.094244
37.611792;1.567158;4.454353;0.307832;3.003509;0.125146;3.003509;3.003509;20.06628;0.836095;3.51121;0.125635;3.5948;0.149783;0.286311;0.015906;10.947203;0.456133;0.656832;0.291925;10.790478;0.449603;1.363722;0.094244
38.391648;1.599652;4.326807;0.307832;2.653625;0.110568;2.653625;2.653625;21.19602;0.883168;3.383663;0.033145;3.5948;0.149783;0.286311;0.015906;10.947203;0.456133;0.656832;0.291925;11.11364;0.463068;1.324673;0.094244
39.561623;1.648401;4.533843;0.307832;1.888439;0.078685;1.888439;1.888439;23.131181;0.963799;3.5907;0.077293;3.5948;0.149783;0.286311;0.015906;10.947203;0.456133;0.656832;0.291925;11.656425;0.485684;1.388058;0.094244
16.881284;0.703387;2.009237;0.23485;0.271274;0.011303;0.271274;0.271274;8.856208;0.369009;1.485268;0.24539;1.367933;0.056997;0.159062;0.015906;6.385869;0.266078;0.364907;0.218944;5.102847;0.212619;0.615138;0.071901
18.982335;0.790931;3.274862;0.23485;0;0;0;0;13.345929;0.55608;3.040012;0.074035;0.381749;0.015906;0.015906;0.015906;5.254658;0.218944;0.218944;0.218944;5.811536;0.242147;1.002615;0.071901
41.338844;1.722452;4.606324;0.307832;2.267162;0.094465;2.267162;2.267162;24.529679;1.02207;3.66318;0.146732;3.5948;0.149783;0.286311;0.015906;10.947203;0.456133;0.656832;0.291925;12.109167;0.504549;1.410249;0.094244
41.976958;1.74904;4.724014;0.307832;2.099663;0.087486;2.099663;2.099663;25.335292;1.055637;3.78087;0.005455;3.5948;0.149783;0.286311;0.015906;10.947203;0.456133;0.656832;0.291925;12.344936;0.514372;1.44628;0.094244
37.294349;1.553931;4.064485;0.307832;1.538252;0.064094;1.299728;0.238525;21.214094;0.883921;3.121341;0.002827;3.5948;0.149783;0.286311;0.015906;10.947203;0.456133;0.656832;0.291925;11.046766;0.460282;1.244362;0.094244
34.594951;1.441456;3.459294;0.307832;2.636309;0.109846;1.986425;0.649884;17.416638;0.725693;2.51615;0.003508;3.5948;0.149783;0.286311;0.015906;10.947203;0.456133;0.656832;0.291925;9.955439;0.41481;1.05908;0.094244
29.521279;1.230053;2.58837;0.307832;3.803828;0.158493;2.264633;0.356085;11.175448;0.465644;1.532234;0.075292;3.5948;0.149783;0.286311;0.015906;10.947203;0.456133;0.656832;0.291925;8.120461;0.338353;0.757849;0.094244
20.851218;0.868801;2.701738;0.23485;1.016835;0.042368;1.016835;1.016835;12.080582;0.503358;2.17777;0.268981;1.367933;0.056997;0.159062;0.015906;6.385869;0.266078;0.364907;0.218944;6.138405;0.255767;0.82715;0.071901
5.636406;0.23485;0.23485;0.23485;0;0;0;0;0;0;0;0;0.381749;0.015906;0.015906;0.015906;5.254658;0.218944;0.218944;0.218944;1.725614;0.071901;0.071901;0.071901
25.288434;1.053685;2.497407;0.307832;2.830496;0.117937;2.17367;0.656826;7.915936;0.329831;1.098788;0.007459;3.5948;0.149783;0.286311;0.015906;10.947203;0.456133;0.656832;0.291925;7.059358;0.29414;0.625148;0.094244
38.076212;1.586509;4.532276;0.307832;2.69014;0.112089;2.318493;0.371647;20.84407;0.868503;3.589132;0.011034;3.5948;0.149783;0.286311;0.015906;10.947203;0.456133;0.656832;0.291925;11.008259;0.458677;1.387579;0.094244
35.772414;1.490517;4.220679;0.307832;3.474568;0.144774;3.009984;0.464584;17.755843;0.739827;3.277535;0.064103;3.5948;0.149783;0.286311;0.015906;10.947203;0.456133;0.656832;0.291925;10.113706;0.421404;1.292182;0.094244
36.521803;1.521742;3.950806;0.307832;2.936423;0.122351;2.546838;0.389585;19.043377;0.793474;3.007663;0.018954;3.5948;0.149783;0.286311;0.015906;10.947203;0.456133;0.656832;0.291925;10.472956;0.436373;1.209559;0.094244
32.305369;1.346057;3.808402;0.307832;2.013452;0.083894;1.754485;0.258968;15.749914;0.656246;2.865258;0.086664;3.5948;0.149783;0.286311;0.015906;10.947203;0.456133;0.656832;0.291925;9.404729;0.391864;1.165961;0.094244
25.922348;1.080098;3.906469;0.23485;1.034062;0.043086;1.034062;1.034062;17.134485;0.713937;3.382501;0.03019;1.367933;0.056997;0.159062;0.015906;6.385869;0.266078;0.364907;0.218944;7.686801;0.320283;1.195985;0.071901
7.818806;0.325784;0.824212;0.23485;0;0;0;0;2.1824;0.090933;0.589362;0.036305;0.381749;0.015906;0.015906;0.015906;5.254658;0.218944;0.218944;0.218944;2.393766;0.09974;0.252337;0.071901
22.352798;0.931367;1.960498;0.307832;2.065974;0.086082;1.63676;0.429214;5.744821;0.239368;0.898969;0.012749;3.5948;0.149783;0.286311;0.015906;10.947203;0.456133;0.656832;0.291925;6.34503;0.264376;0.563972;0.094244
29.849674;1.243736;3.357671;0.307832;2.933849;0.122244;2.354066;0.579783;12.373822;0.515576;2.414527;0.006846;3.5948;0.149783;0.286311;0.015906;10.947203;0.456133;0.656832;0.291925;8.430872;0.351286;1.027968;0.094244
36.69247;1.528853;4.336696;0.307832;3.323398;0.138475;2.866651;0.456747;18.827069;0.784461;3.393552;0.085365;3.5948;0.149783;0.286311;0.015906;10.947203;0.456133;0.656832;0.291925;10.431854;0.434661;1.327701;0.094244
35.804535;1.491856;4.396679;0.307832;2.117412;0.088225;1.843528;0.273884;19.145121;0.797713;3.453535;0.002197;3.5948;0.149783;0.286311;0.015906;10.947203;0.456133;0.656832;0.291925;10.450937;0.435456;1.346065;0.094244
32.768511;1.365355;3.885624;0.307832;3.023472;0.125978;2.484913;0.53856;15.203036;0.63346;2.942481;0.102035;3.5948;0.149783;0.286311;0.015906;10.947203;0.456133;0.656832;0.291925;9.302867;0.387619;1.189603;0.094244
25.503947;1.062664;3.707564;0.23485;1.83052;0.076272;1.776644;0.053876;15.919626;0.663318;3.183595;0.37999;1.367933;0.056997;0.159062;0.015906;6.385869;0.266078;0.364907;0.218944;7.36657;0.30694;1.135089;0.071901
6.892436;0.287185;0.613132;0.23485;0;0;0;0;1.256029;0.052335;0.378282;0.006679;0.381749;0.015906;0.015906;0.015906;5.254658;0.218944;0.218944;0.218944;2.110153;0.087923;0.187713;0.071901
28.217145;1.175714;2.922171;0.307832;3.280724;0.136697;2.598433;0.682291;10.394418;0.433101;1.614561;0.046867;3.5948;0.149783;0.286311;0.015906;10.947203;0.456133;0.656832;0.291925;7.847386;0.326974;0.783054;0.094244
34.280819;1.428367;3.978584;0.307832;3.162006;0.13175;2.593296;0.56871;16.576811;0.6907;3.03544;0.037652;3.5948;0.149783;0.286311;0.015906;10.947203;0.456133;0.656832;0.291925;9.732449;0.405519;1.218063;0.094244
34.42405;1.434335;4.055888;0.307832;4.484608;0.186859;3.574157;0.062987;15.39744;0.64156;3.112744;0.01095;3.5948;0.149783;0.286311;0.015906;10.947203;0.456133;0.656832;0.291925;9.457239;0.394052;1.24173;0.094244
32.68276;1.361782;3.696025;0.307832;3.574703;0.148946;3.006519;0.568184;14.566054;0.606919;2.752881;0.081285;3.5948;0.149783;0.286311;0.015906;10.947203;0.456133;0.656832;0.291925;9.143637;0.380985;1.131556;0.094244
36.333268;1.513886;4.044537;0.307832;4.101924;0.170914;3.506396;0.019413;17.689341;0.737056;3.101394;0.03175;3.5948;0.149783;0.286311;0.015906;10.947203;0.456133;0.656832;0.291925;10.134073;0.422253;1.238255;0.094244
24.29285;1.012202;3.425166;0.23485;1.450046;0.060419;1.450046;1.450046;15.089003;0.628708;2.901198;0.311092;1.367933;0.056997;0.159062;0.015906;6.385869;0.266078;0.364907;0.218944;7.087571;0.295315;1.048632;0.071901
16.297623;0.679068;2.886982;0.23485;0;0;0;0;10.661217;0.444217;2.652132;0.017135;0.381749;0.015906;0.015906;0.015906;5.254658;0.218944;0.218944;0.218944;4.989598;0.2079;0.883864;0.071901
38.118495;1.588271;4.379228;0.307832;2.366727;0.098614;2.043849;0.322878;21.209765;0.88374;3.436085;0.088183;3.5948;0.149783;0.286311;0.015906;10.947203;0.456133;0.656832;0.291925;11.099223;0.462468;1.340722;0.094244
34.119748;1.421656;3.624096;0.307832;2.057216;0.085717;1.565374;0.491842;17.52053;0.730022;2.680952;0.040708;3.5948;0.149783;0.286311;0.015906;10.947203;0.456133;0.656832;0.291925;9.949652;0.414569;1.109535;0.094244
31.235497;1.301479;3.776588;0.307832;0.921268;0.038386;0.738688;0.18258;15.772226;0.657176;2.833445;0.009385;3.5948;0.149783;0.286311;0.015906;10.947203;0.456133;0.656832;0.291925;9.340657;0.389194;1.156221;0.094244
30.751346;1.281306;2.81196;0.307832;1.073718;0.044738;0.822766;0.250952;15.135625;0.630651;1.868816;0.016758;3.5948;0.149783;0.286311;0.015906;10.947203;0.456133;0.656832;0.291925;9.155656;0.381486;0.860895;0.094244
35.968045;1.498669;3.776786;0.307832;2.202444;0.091768;1.506161;0.696282;19.223599;0.800983;2.833643;0.135736;3.5948;0.149783;0.286311;0.015906;10.947203;0.456133;0.656832;0.291925;10.480483;0.436687;1.156282;0.094244
24.163498;1.006812;3.141612;0.23485;0.986222;0.041093;0.986222;0.986222;15.423475;0.642645;2.617643;0.420215;1.367933;0.056997;0.159062;0.015906;6.385869;0.266078;0.364907;0.218944;7.159861;0.298328;0.96182;0.071901
5.934015;0.247251;0.315713;0.23485;0;0;0;0;0.297609;0.0124;0.080863;0.036702;0.381749;0.015906;0.015906;0.015906;5.254658;0.218944;0.218944;0.218944;1.816728;0.075697;0.096657;0.071901
23.219645;0.967485;2.55882;0.307832;3.816783;0.159033;2.235082;0.107779;4.860858;0.202536;0.749372;0.126452;3.5948;0.149783;0.286311;0.015906;10.947203;0.456133;0.656832;0.291925;6.188059;0.257836;0.518172;0.094244
30.570072;1.273753;3.289399;0.307832;4.065217;0.169384;2.818835;1.246382;11.962852;0.498452;2.346255;0.183816;3.5948;0.149783;0.286311;0.015906;10.947203;0.456133;0.656832;0.291925;8.378497;0.349104;1.007066;0.094244
32.241943;1.343414;3.38534;0.307832;3.803199;0.158467;2.626228;1.176971;13.896741;0.579031;2.442196;0.029279;3.5948;0.149783;0.286311;0.015906;10.947203;0.456133;0.656832;0.291925;8.953557;0.373065;1.036438;0.094244
27.710204;1.154592;2.735405;0.307832;3.517125;0.146547;2.411667;1.105458;9.651076;0.402128;1.668161;0.007418;3.5948;0.149783;0.286311;0.015906;10.947203;0.456133;0.656832;0.291925;7.635154;0.318131;0.799464;0.094244
20.365675;0.84857;2.490161;0.307832;3.275261;0.136469;2.166424;1.108838;2.548411;0.106184;0.528881;0.0472;3.5948;0.149783;0.286311;0.015906;10.947203;0.456133;0.656832;0.291925;5.444937;0.226872;0.450668;0.094244
15.318565;0.638274;2.543572;0.23485;2.301626;0.095901;2.219835;0.081792;5.263138;0.219297;1.338;0.095909;1.367933;0.056997;0.159062;0.015906;6.385869;0.266078;0.364907;0.218944;4.134617;0.172276;0.570051;0.071901
8.363729;0.348489;1.215382;0.23485;0;0;0;0;2.727323;0.113638;0.980532;0.013926;0.381749;0.015906;0.015906;0.015906;5.254658;0.218944;0.218944;0.218944;2.560597;0.106692;0.372095;0.071901
20.543862;0.855994;1.967162;0.307832;2.677135;0.111547;1.643424;0.132693;3.324725;0.13853;0.509096;0.000352;3.5948;0.149783;0.286311;0.015906;10.947203;0.456133;0.656832;0.291925;5.64378;0.235158;0.44461;0.094244
26.285623;1.095234;2.490848;0.307832;2.048531;0.085355;1.440286;0.608245;9.695089;0.403962;1.547705;0.032505;3.5948;0.149783;0.286311;0.015906;10.947203;0.456133;0.656832;0.291925;7.553291;0.31472;0.762586;0.094244
29.560344;1.231681;3.299375;0.307832;1.676367;0.069849;1.191786;0.484581;13.341973;0.555916;2.356232;0.037424;3.5948;0.149783;0.286311;0.015906;10.947203;0.456133;0.656832;0.291925;8.645643;0.360235;1.01012;0.094244
25.892113;1.078838;2.214852;0.307832;2.449216;0.102051;1.629149;0.820067;8.900895;0.370871;1.271709;0.020471;3.5948;0.149783;0.286311;0.015906;10.947203;0.456133;0.656832;0.291925;7.336156;0.305673;0.678088;0.094244
22.910397;0.9546;2.276808;0.307832;3.044595;0.126858;1.953071;1.091524;5.323799;0.221825;0.973593;0.077886;3.5948;0.149783;0.286311;0.015906;10.947203;0.456133;0.656832;0.291925;6.279662;0.261653;0.586818;0.094244
14.447459;0.601977;2.214354;0.23485;1.890616;0.078776;1.890616;1.890616;4.803042;0.200127;0.957076;0.00911;1.367933;0.056997;0.159062;0.015906;6.385869;0.266078;0.364907;0.218944;3.967074;0.165295;0.453429;0.071901
6.560688;0.273362;0.765687;0.23485;0;0;0;0;0.924282;0.038512;0.530837;0.151584;0.381749;0.015906;0.015906;0.015906;5.254658;0.218944;0.218944;0.218944;2.008587;0.083691;0.234419;0.071901
21.255408;0.885642;2.187026;0.307832;2.657394;0.110725;1.863288;0.794106;4.056011;0.169;0.913568;0.015703;3.5948;0.149783;0.286311;0.015906;10.947203;0.456133;0.656832;0.291925;5.866386;0.244433;0.568442;0.094244
27.492962;1.14554;3.56303;0.307832;5.02761;0.209484;3.239292;1.788318;7.923349;0.33014;1.709542;0.12962;3.5948;0.149783;0.286311;0.015906;10.947203;0.456133;0.656832;0.291925;7.20426;0.300177;0.812133;0.094244
29.225391;1.217725;3.584881;0.307832;4.780494;0.199187;3.261143;1.519351;9.902894;0.412621;1.883221;0.099432;3.5948;0.149783;0.286311;0.015906;10.947203;0.456133;0.656832;0.291925;7.794265;0.324761;0.865306;0.094244
28.546731;1.189447;3.377236;0.307832;4.64812;0.193672;3.053498;1.594622;9.356608;0.389859;1.757873;0.089924;3.5948;0.149783;0.286311;0.015906;10.947203;0.456133;0.656832;0.291925;7.618423;0.317434;0.82693;0.094244
20.586241;0.85776;3.013845;0.307832;5.003454;0.208477;2.690107;0.702637;1.040783;0.043366;0.299876;0.024966;3.5948;0.149783;0.286311;0.015906;10.947203;0.456133;0.656832;0.291925;5.09556;0.212315;0.380557;0.094244
14.358869;0.598286;3.610988;0.23485;3.801422;0.158393;3.28725;0.041331;2.803647;0.116819;0.608261;0.036947;1.367933;0.056997;0.159062;0.015906;6.385869;0.266078;0.364907;0.218944;3.478995;0.144958;0.346638;0.071901
9.404997;0.391875;1.506094;0.23485;0;0;0;0;3.768591;0.157025;1.271244;0.009523;0.381749;0.015906;0.015906;0.015906;5.254658;0.218944;0.218944;0.218944;2.879386;0.119974;0.461098;0.071901
30.481322;1.270055;3.912878;0.307832;5.652248;0.23551;3.58914;0.030534;10.287071;0.428628;2.056903;0.069804;3.5948;0.149783;0.286311;0.015906;10.947203;0.456133;0.656832;0.291925;7.968475;0.33202;0.918479;0.094244
29.414075;1.225586;3.844309;0.307832;5.657164;0.235715;3.520571;0.044998;9.214908;0.383954;1.700683;0.082397;3.5948;0.149783;0.286311;0.015906;10.947203;0.456133;0.656832;0.291925;7.640546;0.318356;0.809421;0.094244
23.803866;0.991828;3.591559;0.307832;5.05833;0.210764;3.267821;1.790509;4.203533;0.175147;1.074681;0.070014;3.5948;0.149783;0.286311;0.015906;10.947203;0.456133;0.656832;0.291925;6.067414;0.252809;0.617767;0.094244
28.978714;1.207446;3.766477;0.307832;5.306354;0.221098;3.442739;0.071738;9.130357;0.380432;2.017181;0.01749;3.5948;0.149783;0.286311;0.015906;10.947203;0.456133;0.656832;0.291925;7.591886;0.316329;0.906318;0.094244
27.910962;1.162957;3.42065;0.307832;4.890383;0.203766;3.096912;0.007986;8.478576;0.353274;1.889817;0.056365;3.5948;0.149783;0.286311;0.015906;10.947203;0.456133;0.656832;0.291925;7.365337;0.306889;0.867325;0.094244
17.726597;0.738608;4.205509;0.23485;4.830989;0.201291;3.881771;0.048781;5.141807;0.214242;1.402152;0.008307;1.367933;0.056997;0.159062;0.015906;6.385869;0.266078;0.364907;0.218944;4.261671;0.17757;0.589691;0.071901
7.971593;0.33215;0.731888;0.23485;2.335187;0.097299;0.497038;0.057697;0;0;0;0;0.381749;0.015906;0.015906;0.015906;5.254658;0.218944;0.218944;0.218944;1.877209;0.078217;0.104167;0.071901
24.71179;1.029658;3.953685;0.307832;7.700747;0.320864;3.629947;0.118323;2.46904;0.102877;0.772412;0.001597;3.5948;0.149783;0.286311;0.015906;10.947203;0.456133;0.656832;0.291925;5.70793;0.23783;0.525226;0.094244
24.392974;1.016374;4.078421;0.307832;7.202489;0.300104;3.754683;0.073734;2.648483;0.110353;0.471481;0.002228;3.5948;0.149783;0.286311;0.015906;10.947203;0.456133;0.656832;0.291925;5.730522;0.238772;0.433094;0.094244
27.746562;1.156107;4.49975;0.307832;9.021482;0.375895;4.176012;0.015807;4.183077;0.174295;0.909138;0.063446;3.5948;0.149783;0.286311;0.015906;10.947203;0.456133;0.656832;0.291925;6.31843;0.263268;0.567085;0.094244
26.022261;1.084261;4.009769;0.307832;7.875838;0.32816;3.686031;0.220981;3.604421;0.150184;0.744957;0.019687;3.5948;0.149783;0.286311;0.015906;10.947203;0.456133;0.656832;0.291925;6.066899;0.252787;0.51682;0.094244
23.455281;0.977303;3.78158;0.307832;6.709887;0.279579;3.457842;0.05474;2.203392;0.091808;0.585215;0.030122;3.5948;0.149783;0.286311;0.015906;10.947203;0.456133;0.656832;0.291925;5.562276;0.231762;0.467914;0.094244
16.602079;0.691753;4.413108;0.23485;7.277191;0.303216;4.08937;0.01462;1.571087;0.065462;0.520034;0.011884;1.367933;0.056997;0.159062;0.015906;6.385869;0.266078;0.364907;0.218944;3.32728;0.138637;0.364587;0.071901
10.068377;0.419516;0.966768;0.23485;4.431971;0.184665;0.731918;0.112313;0;0;0;0;0.381749;0.015906;0.015906;0.015906;5.254658;0.218944;0.218944;0.218944;2.013327;0.083889;0.119415;0.071901
23.727223;0.988634;3.828173;0.307832;8.182709;0.340946;3.504435;0.227991;1.002512;0.041771;0.341203;0.018474;3.5948;0.149783;0.286311;0.015906;10.947203;0.456133;0.656832;0.291925;5.290233;0.220426;0.393209;0.094244
22.607026;0.941959;3.682534;0.307832;6.793589;0.283066;3.358796;0.014484;1.271434;0.052976;0.519802;0.150193;3.5948;0.149783;0.286311;0.015906;10.947203;0.456133;0.656832;0.291925;5.282386;0.220099;0.447888;0.094244
22.349938;0.931247;3.652048;0.307832;6.410381;0.267099;3.32831;0.007763;1.397555;0.058231;0.489992;0.001039;3.5948;0.149783;0.286311;0.015906;10.947203;0.456133;0.656832;0.291925;5.296122;0.220672;0.438762;0.094244
23.175365;0.96564;3.552937;0.307832;5.695867;0.237328;3.229199;0.118744;2.937496;0.122396;0.861798;0.00816;3.5948;0.149783;0.286311;0.015906;10.947203;0.456133;0.656832;0.291925;5.721198;0.238383;0.552592;0.094244
23.396133;0.974839;3.517879;0.307832;5.502303;0.229263;3.194141;0.471459;3.351828;0.139659;0.826949;0.004104;3.5948;0.149783;0.286311;0.015906;10.947203;0.456133;0.656832;0.291925;5.835482;0.243145;0.541923;0.094244
15.285981;0.636916;3.876476;0.23485;4.81745;0.200727;3.552738;0.026535;2.71473;0.113114;0.869933;0.001804;1.367933;0.056997;0.159062;0.015906;6.385869;0.266078;0.364907;0.218944;3.51773;0.146572;0.42675;0.071901
10.644496;0.443521;1.059669;0.23485;5.002723;0.208447;0.824818;0.171943;0.005367;0.000224;0.003047;0.00232;0.381749;0.015906;0.015906;0.015906;5.254658;0.218944;0.218944;0.218944;2.052022;0.085501;0.125446;0.071901
29.180542;1.215856;4.724825;0.460344;13.367854;0.556994;4.401087;0.101074;1.270686;0.052945;0.493894;0.021412;3.5948;0.149783;0.286311;0.015906;10.947203;0.456133;0.656832;0.291925;5.708944;0.237873;0.439956;0.109277
26.522595;1.105108;4.247956;0.307832;10.265336;0.427722;3.924218;0.085923;1.715256;0.071469;0.515542;0.047664;3.5948;0.149783;0.286311;0.015906;10.947203;0.456133;0.656832;0.291925;5.643643;0.235152;0.446584;0.094244
25.007076;1.041961;4.342805;0.323738;9.18677;0.382782;4.019067;0.018276;1.278303;0.053263;0.342129;0.023065;3.5948;0.149783;0.286311;0.015906;10.947203;0.456133;0.656832;0.291925;5.439849;0.22666;0.393493;0.095431
27.296185;1.137341;4.236516;0.323738;12.754182;0.531424;3.912778;0.079583;0;0;0;0;3.5948;0.149783;0.286311;0.015906;10.947203;0.456133;0.656832;0.291925;5.280079;0.220003;0.353123;0.099114
27.580767;1.149199;4.673467;0.460344;13.038764;0.543282;4.349729;0.125011;0;0;0;0;3.5948;0.149783;0.286311;0.015906;10.947203;0.456133;0.656832;0.291925;5.298553;0.220773;0.381489;0.108946
34.626133;1.442756;4.693542;0.23485;26.872332;1.11968;4.369804;0.087386;0;0;0;0;1.367933;0.056997;0.159062;0.015906;6.385869;0.266078;0.364907;0.218944;4.118356;0.171598;0.382792;0.071901
12.815001;0.533958;0.961519;0.23485;7.178594;0.299108;0.726668;0.134693;0;0;0;0;0.381749;0.015906;0.015906;0.015906;5.254658;0.218944;0.218944;0.218944;2.191632;0.091318;0.119074;0.071901
29.550781;1.231283;4.688715;0.460344;14.182756;0.590948;4.364977;0.254466;0.826022;0.034418;0.381637;0.004947;3.5948;0.149783;0.286311;0.015906;10.947203;0.456133;0.656832;0.291925;5.62571;0.234405;0.405588;0.115633
30.553188;1.27305;4.682664;0.460344;16.011185;0.667133;4.358926;0.166225;0;0;0;0;3.5948;0.149783;0.286311;0.015906;10.947203;0.456133;0.656832;0.291925;5.491516;0.228813;0.382086;0.113794
29.165098;1.215212;4.864593;0.40257;13.769416;0.573726;4.540855;0.078832;0.853679;0.03557;0.277546;0.001127;3.5948;0.149783;0.286311;0.015906;10.947203;0.456133;0.656832;0.291925;5.607344;0.233639;0.393896;0.104232
28.961979;1.206749;4.230765;0.307832;14.419977;0.600832;3.907027;0.182812;0;0;0;0;3.5948;0.149783;0.286311;0.015906;10.947203;0.456133;0.656832;0.291925;5.388219;0.224509;0.370865;0.094244
28.151161;1.172965;4.55654;0.460344;13.599707;0.566654;4.232802;0.032433;0.00945;0.000394;0.00945;0.00945;3.5948;0.149783;0.286311;0.015906;10.947203;0.456133;0.656832;0.291925;5.337862;0.222411;0.373898;0.105273
20.376103;0.849004;4.094895;0.23485;12.622302;0.525929;3.771157;0.048311;0;0;0;0;1.367933;0.056997;0.159062;0.015906;6.385869;0.266078;0.364907;0.218944;3.193276;0.133053;0.343929;0.071901
12.936079;0.539003;1.153981;0.23485;7.299673;0.304153;0.919131;0.117086;0;0;0;0;0.381749;0.015906;0.015906;0.015906;5.254658;0.218944;0.218944;0.218944;2.199492;0.091646;0.131569;0.071901
32.149967;1.339582;5.038583;0.460344;16.37115;0.682131;4.714845;0.129703;1.236814;0.051534;0.509517;0.000793;3.5948;0.149783;0.286311;0.015906;10.947203;0.456133;0.656832;0.291925;5.893541;0.245564;0.444739;0.122059
29.781892;1.240912;4.83949;0.333184;14.831887;0.617995;4.515752;0.00426;0.408003;0.017;0.104257;0.013346;3.5948;0.149783;0.286311;0.015906;10.947203;0.456133;0.656832;0.291925;5.539871;0.230828;0.392266;0.099727
26.313608;1.0964;4.217586;0.307832;10.494275;0.437261;3.893848;0.059198;1.27733;0.053222;0.320453;0.010604;3.5948;0.149783;0.286311;0.015906;10.947203;0.456133;0.656832;0.291925;5.524432;0.230185;0.386856;0.094244
25.036612;1.043192;4.039294;0.307832;8.309115;0.346213;3.715556;0.031375;2.185494;0.091062;0.470205;0.043391;3.5948;0.149783;0.286311;0.015906;10.947203;0.456133;0.656832;0.291925;5.660615;0.235859;0.432704;0.094244
26.727827;1.113659;4.394223;0.307832;9.834835;0.409785;4.070485;0.04247;2.350989;0.097958;0.478012;0.029176;3.5948;0.149783;0.286311;0.015906;10.947203;0.456133;0.656832;0.291925;5.810328;0.242097;0.435094;0.094244
23.670092;0.986254;5.008318;0.23485;15.916291;0.663179;4.68458;0.090164;0;0;0;0;1.367933;0.056997;0.159062;0.015906;6.385869;0.266078;0.364907;0.218944;3.407115;0.141963;0.403226;0.071901
15.720174;0.655007;1.399827;0.23485;10.083768;0.420157;1.164976;0.133437;0;0;0;0;0.381749;0.015906;0.015906;0.015906;5.254658;0.218944;0.218944;0.218944;2.380229;0.099176;0.147528;0.071901
33.701145;1.404214;4.923081;0.460344;19.159143;0.798298;4.599343;0.095761;0;0;0;0;3.5948;0.149783;0.286311;0.015906;10.947203;0.456133;0.656832;0.291925;5.695875;0.237328;0.397693;0.133538
38.753357;1.614723;5.125068;0.471619;24.211354;1.008806;4.80133;0.011275;0;0;0;0;3.5948;0.149783;0.286311;0.015906;10.947203;0.456133;0.656832;0.291925;6.023853;0.250994;0.410806;0.141669
36.93945;1.539144;4.548479;0.460344;22.397447;0.933227;4.224741;0.091416;0;0;0;0;3.5948;0.149783;0.286311;0.015906;10.947203;0.456133;0.656832;0.291925;5.906098;0.246087;0.373375;0.10997
32.437117;1.351547;4.548741;0.460344;17.895114;0.74563;4.225003;0.014106;0;0;0;0;3.5948;0.149783;0.286311;0.015906;10.947203;0.456133;0.656832;0.291925;5.613817;0.233909;0.3757;0.111204
31.375536;1.307314;4.42917;0.389122;16.833533;0.701397;4.105432;0.015009;0;0;0;0;3.5948;0.149783;0.286311;0.015906;10.947203;0.456133;0.656832;0.291925;5.544901;0.231038;0.380931;0.103359
17.585937;0.732747;4.166908;0.23485;9.832135;0.409672;3.843171;0.003349;0;0;0;0;1.367933;0.056997;0.159062;0.015906;6.385869;0.266078;0.364907;0.218944;3.012145;0.125506;0.348604;0.071901
11.287663;0.470319;1.12512;0.23485;5.651257;0.235469;0.89027;0.130011;0;0;0;0;0.381749;0.015906;0.015906;0.015906;5.254658;0.218944;0.218944;0.218944;2.092481;0.087187;0.129695;0.071901
33.874456;1.411436;4.723081;0.460344;19.332453;0.805519;4.399343;0.028132;0;0;0;0;3.5948;0.149783;0.286311;0.015906;10.947203;0.456133;0.656832;0.291925;5.707126;0.237797;0.388363;0.119345
35.349328;1.472889;5.091636;0.460344;20.807325;0.866972;4.767898;0.028783;0;0;0;0;3.5948;0.149783;0.286311;0.015906;10.947203;0.456133;0.656832;0.291925;5.802871;0.241786;0.408635;0.133465
39.323262;1.638469;5.283824;0.491227;24.781259;1.032552;4.960086;0.030884;0;0;0;0;3.5948;0.149783;0.286311;0.015906;10.947203;0.456133;0.656832;0.291925;6.06085;0.252535;0.421112;0.142941
45.758357;1.906598;5.186236;0.525428;31.216354;1.300681;4.862498;0.003917;0;0;0;0;3.5948;0.149783;0.286311;0.015906;10.947203;0.456133;0.656832;0.291925;6.478602;0.269942;0.414776;0.145162
34.669441;1.44456;5.047353;0.460344;20.127439;0.838643;4.723615;0.035461;0;0;0;0;3.5948;0.149783;0.286311;0.015906;10.947203;0.456133;0.656832;0.291925;5.758734;0.239947;0.40576;0.133642
26.404582;1.100191;5.130471;0.23485;18.650781;0.777116;4.806733;0.141581;0;0;0;0;1.367933;0.056997;0.159062;0.015906;6.385869;0.266078;0.364907;0.218944;3.584632;0.14936;0.411156;0.071901
21.123471;0.880145;1.359698;0.23485;15.487064;0.645294;1.124848;0.026463;0;0;0;0;0.381749;0.015906;0.015906;0.015906;5.254658;0.218944;0.218944;0.218944;2.730999;0.113792;0.144923;0.071901
32.135463;1.338978;4.776424;0.460344;17.59346;0.733061;4.452687;0.004228;0;0;0;0;3.5948;0.149783;0.286311;0.015906;10.947203;0.456133;0.656832;0.291925;5.594234;0.233093;0.388172;0.11303
38.941943;1.622581;5.374647;0.509543;24.39994;1.016664;5.050909;0.049199;0;0;0;0;3.5948;0.149783;0.286311;0.015906;10.947203;0.456133;0.656832;0.291925;6.036096;0.251504;0.427008;0.135508
36.84901;1.535375;5.419318;0.460344;22.307007;0.929459;5.09558;0.191539;0;0;0;0;3.5948;0.149783;0.286311;0.015906;10.947203;0.456133;0.656832;0.291925;5.900227;0.245843;0.429908;0.140937
36.483502;1.520146;5.320873;0.460344;21.941499;0.914229;4.997135;0.03845;0;0;0;0;3.5948;0.149783;0.286311;0.015906;10.947203;0.456133;0.656832;0.291925;5.876499;0.244854;0.423517;0.133677
35.087682;1.461987;5.269102;0.460344;20.545679;0.85607;4.945364;0.02026;0;0;0;0;3.5948;0.149783;0.286311;0.015906;10.947203;0.456133;0.656832;0.291925;5.785886;0.241079;0.420156;0.130554
28.069874;1.169578;5.212792;0.23485;20.316073;0.846503;4.889054;0.026285;0;0;0;0;1.367933;0.056997;0.159062;0.015906;6.385869;0.266078;0.364907;0.218944;3.692739;0.153864;0.4165;0.071901
20.287663;0.845319;1.368736;0.23485;14.651257;0.610469;1.133886;0.040849;0;0;0;0;0.381749;0.015906;0.015906;0.015906;5.254658;0.218944;0.218944;0.218944;2.676741;0.111531;0.14551;0.071901
41.295158;1.720632;4.467069;0.460344;26.753155;1.114715;4.143331;0.153242;0;0;0;0;3.5948;0.149783;0.286311;0.015906;10.947203;0.456133;0.656832;0.291925;6.188861;0.257869;0.412616;0.109062
30.493899;1.270579;4.696992;0.460344;15.951897;0.664662;4.373254;0.131922;0;0;0;0;3.5948;0.149783;0.286311;0.015906;10.947203;0.456133;0.656832;0.291925;5.487668;0.228653;0.383016;0.114722
34.145214;1.422717;4.880064;0.460344;19.603211;0.8168;4.556327;0.087482;0;0;0;0;3.5948;0.149783;0.286311;0.015906;10.947203;0.456133;0.656832;0.291925;5.724703;0.238529;0.3949;0.134201
32.515941;1.354831;4.85676;0.460344;17.973938;0.748914;4.533022;0.003199;0;0;0;0;3.5948;0.149783;0.286311;0.015906;10.947203;0.456133;0.656832;0.291925;5.618934;0.234122;0.393388;0.123313
40.798043;1.699918;5.288667;0.513485;26.25604;1.094002;4.964929;0.053141;0;0;0;0;3.5948;0.149783;0.286311;0.015906;10.947203;0.456133;0.656832;0.291925;6.15659;0.256525;0.421426;0.1419
30.026497;1.251104;5.003256;0.23485;22.272696;0.928029;4.679518;0.028662;0;0;0;0;1.367933;0.056997;0.159062;0.015906;6.385869;0.266078;0.364907;0.218944;3.819758;0.159157;0.402898;0.071901
13.329046;0.555377;1.101338;0.23485;7.69264;0.320527;0.866488;0.017568;0;0;0;0;0.381749;0.015906;0.015906;0.015906;5.254658;0.218944;0.218944;0.218944;2.225003;0.092708;0.128151;0.071901
32.257477;1.344062;4.728893;0.460344;17.715474;0.738145;4.405155;0.07963;0;0;0;0;3.5948;0.149783;0.286311;0.015906;10.947203;0.456133;0.656832;0.291925;5.602155;0.233423;0.385087;0.125108
